{
  "formatVersion": 1,
  "database": {
    "version": 16,
    "identityHash": "48eeab98d9c0d410e7f0ae07034b3b48",
    "entities": [
      {
        "tableName": "user",
        "createSql": "CREATE TABLE IF NOT EXISTS `${TABLE_NAME}` (`id` TEXT NOT NULL, `name` TEXT NOT NULL, `password` TEXT NOT NULL, `type` TEXT NOT NULL, `timezone` TEXT NOT NULL, `disable_limits_until` INTEGER NOT NULL, `category_for_not_assigned_apps` TEXT NOT NULL, `blocked_times` TEXT NOT NULL, `flags` INTEGER NOT NULL, PRIMARY KEY(`id`))",
        "fields": [
          {
            "fieldPath": "id",
            "columnName": "id",
            "affinity": "TEXT",
            "notNull": true
          },
          {
            "fieldPath": "name",
            "columnName": "name",
            "affinity": "TEXT",
            "notNull": true
          },
          {
            "fieldPath": "password",
            "columnName": "password",
            "affinity": "TEXT",
            "notNull": true
          },
          {
            "fieldPath": "type",
            "columnName": "type",
            "affinity": "TEXT",
            "notNull": true
          },
          {
            "fieldPath": "timeZone",
            "columnName": "timezone",
            "affinity": "TEXT",
            "notNull": true
          },
          {
            "fieldPath": "disableLimitsUntil",
            "columnName": "disable_limits_until",
            "affinity": "INTEGER",
            "notNull": true
          },
          {
            "fieldPath": "categoryForNotAssignedApps",
            "columnName": "category_for_not_assigned_apps",
            "affinity": "TEXT",
            "notNull": true
          },
          {
            "fieldPath": "blockedTimes",
            "columnName": "blocked_times",
            "affinity": "TEXT",
            "notNull": true
          },
          {
            "fieldPath": "flags",
            "columnName": "flags",
            "affinity": "INTEGER",
            "notNull": true
          }
        ],
        "primaryKey": {
          "columnNames": [
            "id"
          ],
          "autoGenerate": false
        },
        "indices": [],
        "foreignKeys": []
      },
      {
        "tableName": "device",
        "createSql": "CREATE TABLE IF NOT EXISTS `${TABLE_NAME}` (`id` TEXT NOT NULL, `name` TEXT NOT NULL, `model` TEXT NOT NULL, `added_at` INTEGER NOT NULL, `current_user_id` TEXT NOT NULL, `current_protection_level` TEXT NOT NULL, `highest_permission_level` TEXT NOT NULL, `current_usage_stats_permission` TEXT NOT NULL, `highest_usage_stats_permission` TEXT NOT NULL, `current_notification_access_permission` TEXT NOT NULL, `highest_notification_access_permission` TEXT NOT NULL, `current_app_version` INTEGER NOT NULL, `highest_app_version` INTEGER NOT NULL, `tried_disabling_device_admin` INTEGER NOT NULL, `did_reboot` INTEGER NOT NULL, `had_manipulation` INTEGER NOT NULL, `had_manipulation_flags` INTEGER NOT NULL, `default_user` TEXT NOT NULL, `default_user_timeout` INTEGER NOT NULL, `consider_reboot_manipulation` INTEGER NOT NULL, `current_overlay_permission` TEXT NOT NULL, `highest_overlay_permission` TEXT NOT NULL, `current_accessibility_service_permission` INTEGER NOT NULL, `was_accessibility_service_permission` INTEGER NOT NULL, `enable_activity_level_blocking` INTEGER NOT NULL, `q_or_later` INTEGER NOT NULL, PRIMARY KEY(`id`))",
        "fields": [
          {
            "fieldPath": "id",
            "columnName": "id",
            "affinity": "TEXT",
            "notNull": true
          },
          {
            "fieldPath": "name",
            "columnName": "name",
            "affinity": "TEXT",
            "notNull": true
          },
          {
            "fieldPath": "model",
            "columnName": "model",
            "affinity": "TEXT",
            "notNull": true
          },
          {
            "fieldPath": "addedAt",
            "columnName": "added_at",
            "affinity": "INTEGER",
            "notNull": true
          },
          {
            "fieldPath": "currentUserId",
            "columnName": "current_user_id",
            "affinity": "TEXT",
            "notNull": true
          },
          {
            "fieldPath": "currentProtectionLevel",
            "columnName": "current_protection_level",
            "affinity": "TEXT",
            "notNull": true
          },
          {
            "fieldPath": "highestProtectionLevel",
            "columnName": "highest_permission_level",
            "affinity": "TEXT",
            "notNull": true
          },
          {
            "fieldPath": "currentUsageStatsPermission",
            "columnName": "current_usage_stats_permission",
            "affinity": "TEXT",
            "notNull": true
          },
          {
            "fieldPath": "highestUsageStatsPermission",
            "columnName": "highest_usage_stats_permission",
            "affinity": "TEXT",
            "notNull": true
          },
          {
            "fieldPath": "currentNotificationAccessPermission",
            "columnName": "current_notification_access_permission",
            "affinity": "TEXT",
            "notNull": true
          },
          {
            "fieldPath": "highestNotificationAccessPermission",
            "columnName": "highest_notification_access_permission",
            "affinity": "TEXT",
            "notNull": true
          },
          {
            "fieldPath": "currentAppVersion",
            "columnName": "current_app_version",
            "affinity": "INTEGER",
            "notNull": true
          },
          {
            "fieldPath": "highestAppVersion",
            "columnName": "highest_app_version",
            "affinity": "INTEGER",
            "notNull": true
          },
          {
            "fieldPath": "manipulationTriedDisablingDeviceAdmin",
            "columnName": "tried_disabling_device_admin",
            "affinity": "INTEGER",
            "notNull": true
          },
          {
            "fieldPath": "manipulationDidReboot",
            "columnName": "did_reboot",
            "affinity": "INTEGER",
            "notNull": true
          },
          {
            "fieldPath": "hadManipulation",
            "columnName": "had_manipulation",
            "affinity": "INTEGER",
            "notNull": true
          },
          {
            "fieldPath": "hadManipulationFlags",
            "columnName": "had_manipulation_flags",
            "affinity": "INTEGER",
            "notNull": true
          },
          {
            "fieldPath": "defaultUser",
            "columnName": "default_user",
            "affinity": "TEXT",
            "notNull": true
          },
          {
            "fieldPath": "defaultUserTimeout",
            "columnName": "default_user_timeout",
            "affinity": "INTEGER",
            "notNull": true
          },
          {
            "fieldPath": "considerRebootManipulation",
            "columnName": "consider_reboot_manipulation",
            "affinity": "INTEGER",
            "notNull": true
          },
          {
            "fieldPath": "currentOverlayPermission",
            "columnName": "current_overlay_permission",
            "affinity": "TEXT",
            "notNull": true
          },
          {
            "fieldPath": "highestOverlayPermission",
            "columnName": "highest_overlay_permission",
            "affinity": "TEXT",
            "notNull": true
          },
          {
            "fieldPath": "accessibilityServiceEnabled",
            "columnName": "current_accessibility_service_permission",
            "affinity": "INTEGER",
            "notNull": true
          },
          {
            "fieldPath": "wasAccessibilityServiceEnabled",
            "columnName": "was_accessibility_service_permission",
            "affinity": "INTEGER",
            "notNull": true
          },
          {
            "fieldPath": "enableActivityLevelBlocking",
            "columnName": "enable_activity_level_blocking",
            "affinity": "INTEGER",
            "notNull": true
          },
          {
            "fieldPath": "qOrLater",
            "columnName": "q_or_later",
            "affinity": "INTEGER",
            "notNull": true
          }
        ],
        "primaryKey": {
          "columnNames": [
            "id"
          ],
          "autoGenerate": false
        },
        "indices": [],
        "foreignKeys": []
      },
      {
        "tableName": "app",
        "createSql": "CREATE TABLE IF NOT EXISTS `${TABLE_NAME}` (`package_name` TEXT NOT NULL, `title` TEXT NOT NULL, `launchable` INTEGER NOT NULL, `recommendation` TEXT NOT NULL, PRIMARY KEY(`package_name`))",
        "fields": [
          {
            "fieldPath": "packageName",
            "columnName": "package_name",
            "affinity": "TEXT",
            "notNull": true
          },
          {
            "fieldPath": "title",
            "columnName": "title",
            "affinity": "TEXT",
            "notNull": true
          },
          {
            "fieldPath": "isLaunchable",
            "columnName": "launchable",
            "affinity": "INTEGER",
            "notNull": true
          },
          {
            "fieldPath": "recommendation",
            "columnName": "recommendation",
            "affinity": "TEXT",
            "notNull": true
          }
        ],
        "primaryKey": {
          "columnNames": [
            "package_name"
          ],
          "autoGenerate": false
        },
        "indices": [
          {
            "name": "index_app_package_name",
            "unique": false,
            "columnNames": [
              "package_name"
            ],
            "createSql": "CREATE INDEX IF NOT EXISTS `index_app_package_name` ON `${TABLE_NAME}` (`package_name`)"
          }
        ],
        "foreignKeys": []
      },
      {
        "tableName": "category_app",
        "createSql": "CREATE TABLE IF NOT EXISTS `${TABLE_NAME}` (`category_id` TEXT NOT NULL, `package_name` TEXT NOT NULL, PRIMARY KEY(`category_id`, `package_name`))",
        "fields": [
          {
            "fieldPath": "categoryId",
            "columnName": "category_id",
            "affinity": "TEXT",
            "notNull": true
          },
          {
            "fieldPath": "packageName",
            "columnName": "package_name",
            "affinity": "TEXT",
            "notNull": true
          }
        ],
        "primaryKey": {
          "columnNames": [
            "category_id",
            "package_name"
          ],
          "autoGenerate": false
        },
        "indices": [
          {
            "name": "index_category_app_category_id",
            "unique": false,
            "columnNames": [
              "category_id"
            ],
            "createSql": "CREATE INDEX IF NOT EXISTS `index_category_app_category_id` ON `${TABLE_NAME}` (`category_id`)"
          },
          {
            "name": "index_category_app_package_name",
            "unique": false,
            "columnNames": [
              "package_name"
            ],
            "createSql": "CREATE INDEX IF NOT EXISTS `index_category_app_package_name` ON `${TABLE_NAME}` (`package_name`)"
          }
        ],
        "foreignKeys": []
      },
      {
        "tableName": "category",
        "createSql": "CREATE TABLE IF NOT EXISTS `${TABLE_NAME}` (`id` TEXT NOT NULL, `child_id` TEXT NOT NULL, `title` TEXT NOT NULL, `blocked_times` TEXT NOT NULL, `extra_time` INTEGER NOT NULL, `extra_time_day` INTEGER NOT NULL, `temporarily_blocked` INTEGER NOT NULL, `temporarily_blocked_end_time` INTEGER NOT NULL, `parent_category_id` TEXT NOT NULL, `block_all_notifications` INTEGER NOT NULL, `time_warnings` INTEGER NOT NULL, `min_battery_charging` INTEGER NOT NULL, `min_battery_mobile` INTEGER NOT NULL, `sort` INTEGER NOT NULL, PRIMARY KEY(`id`))",
        "fields": [
          {
            "fieldPath": "id",
            "columnName": "id",
            "affinity": "TEXT",
            "notNull": true
          },
          {
            "fieldPath": "childId",
            "columnName": "child_id",
            "affinity": "TEXT",
            "notNull": true
          },
          {
            "fieldPath": "title",
            "columnName": "title",
            "affinity": "TEXT",
            "notNull": true
          },
          {
            "fieldPath": "blockedMinutesInWeek",
            "columnName": "blocked_times",
            "affinity": "TEXT",
            "notNull": true
          },
          {
            "fieldPath": "extraTimeInMillis",
            "columnName": "extra_time",
            "affinity": "INTEGER",
            "notNull": true
          },
          {
            "fieldPath": "extraTimeDay",
            "columnName": "extra_time_day",
            "affinity": "INTEGER",
            "notNull": true
          },
          {
            "fieldPath": "temporarilyBlocked",
            "columnName": "temporarily_blocked",
            "affinity": "INTEGER",
            "notNull": true
          },
          {
            "fieldPath": "temporarilyBlockedEndTime",
            "columnName": "temporarily_blocked_end_time",
            "affinity": "INTEGER",
            "notNull": true
          },
          {
            "fieldPath": "parentCategoryId",
            "columnName": "parent_category_id",
            "affinity": "TEXT",
            "notNull": true
          },
          {
            "fieldPath": "blockAllNotifications",
            "columnName": "block_all_notifications",
            "affinity": "INTEGER",
            "notNull": true
          },
          {
            "fieldPath": "timeWarnings",
            "columnName": "time_warnings",
            "affinity": "INTEGER",
            "notNull": true
          },
          {
            "fieldPath": "minBatteryLevelWhileCharging",
            "columnName": "min_battery_charging",
            "affinity": "INTEGER",
            "notNull": true
          },
          {
            "fieldPath": "minBatteryLevelMobile",
            "columnName": "min_battery_mobile",
            "affinity": "INTEGER",
            "notNull": true
          },
          {
            "fieldPath": "sort",
            "columnName": "sort",
            "affinity": "INTEGER",
            "notNull": true
          }
        ],
        "primaryKey": {
          "columnNames": [
            "id"
          ],
          "autoGenerate": false
        },
        "indices": [],
        "foreignKeys": []
      },
      {
        "tableName": "used_time",
        "createSql": "CREATE TABLE IF NOT EXISTS `${TABLE_NAME}` (`day_of_epoch` INTEGER NOT NULL, `used_time` INTEGER NOT NULL, `category_id` TEXT NOT NULL, `start_time_of_day` INTEGER NOT NULL, `end_time_of_day` INTEGER NOT NULL, PRIMARY KEY(`category_id`, `day_of_epoch`, `start_time_of_day`, `end_time_of_day`))",
        "fields": [
          {
            "fieldPath": "dayOfEpoch",
            "columnName": "day_of_epoch",
            "affinity": "INTEGER",
            "notNull": true
          },
          {
            "fieldPath": "usedMillis",
            "columnName": "used_time",
            "affinity": "INTEGER",
            "notNull": true
          },
          {
            "fieldPath": "categoryId",
            "columnName": "category_id",
            "affinity": "TEXT",
            "notNull": true
          },
          {
            "fieldPath": "startTimeOfDay",
            "columnName": "start_time_of_day",
            "affinity": "INTEGER",
            "notNull": true
          },
          {
            "fieldPath": "endTimeOfDay",
            "columnName": "end_time_of_day",
            "affinity": "INTEGER",
            "notNull": true
          }
        ],
        "primaryKey": {
          "columnNames": [
            "category_id",
            "day_of_epoch",
            "start_time_of_day",
            "end_time_of_day"
          ],
          "autoGenerate": false
        },
        "indices": [],
        "foreignKeys": []
      },
      {
        "tableName": "time_limit_rule",
        "createSql": "CREATE TABLE IF NOT EXISTS `${TABLE_NAME}` (`id` TEXT NOT NULL, `category_id` TEXT NOT NULL, `apply_to_extra_time_usage` INTEGER NOT NULL, `day_mask` INTEGER NOT NULL, `max_time` INTEGER NOT NULL, `start_minute_of_day` INTEGER NOT NULL, `end_minute_of_day` INTEGER NOT NULL, `session_duration_milliseconds` INTEGER NOT NULL, `session_pause_milliseconds` INTEGER NOT NULL, PRIMARY KEY(`id`))",
        "fields": [
          {
            "fieldPath": "id",
            "columnName": "id",
            "affinity": "TEXT",
            "notNull": true
          },
          {
            "fieldPath": "categoryId",
            "columnName": "category_id",
            "affinity": "TEXT",
            "notNull": true
          },
          {
            "fieldPath": "applyToExtraTimeUsage",
            "columnName": "apply_to_extra_time_usage",
            "affinity": "INTEGER",
            "notNull": true
          },
          {
            "fieldPath": "dayMask",
            "columnName": "day_mask",
            "affinity": "INTEGER",
            "notNull": true
          },
          {
            "fieldPath": "maximumTimeInMillis",
            "columnName": "max_time",
            "affinity": "INTEGER",
            "notNull": true
          },
          {
            "fieldPath": "startMinuteOfDay",
            "columnName": "start_minute_of_day",
            "affinity": "INTEGER",
            "notNull": true
          },
          {
            "fieldPath": "endMinuteOfDay",
            "columnName": "end_minute_of_day",
            "affinity": "INTEGER",
            "notNull": true
          },
          {
            "fieldPath": "sessionDurationMilliseconds",
            "columnName": "session_duration_milliseconds",
            "affinity": "INTEGER",
            "notNull": true
          },
          {
            "fieldPath": "sessionPauseMilliseconds",
            "columnName": "session_pause_milliseconds",
            "affinity": "INTEGER",
            "notNull": true
          }
        ],
        "primaryKey": {
          "columnNames": [
            "id"
          ],
          "autoGenerate": false
        },
        "indices": [],
        "foreignKeys": []
      },
      {
        "tableName": "config",
        "createSql": "CREATE TABLE IF NOT EXISTS `${TABLE_NAME}` (`id` INTEGER NOT NULL, `value` TEXT NOT NULL, PRIMARY KEY(`id`))",
        "fields": [
          {
            "fieldPath": "key",
            "columnName": "id",
            "affinity": "INTEGER",
            "notNull": true
          },
          {
            "fieldPath": "value",
            "columnName": "value",
            "affinity": "TEXT",
            "notNull": true
          }
        ],
        "primaryKey": {
          "columnNames": [
            "id"
          ],
          "autoGenerate": false
        },
        "indices": [],
        "foreignKeys": []
      },
      {
        "tableName": "temporarily_allowed_app",
        "createSql": "CREATE TABLE IF NOT EXISTS `${TABLE_NAME}` (`package_name` TEXT NOT NULL, PRIMARY KEY(`package_name`))",
        "fields": [
          {
            "fieldPath": "packageName",
            "columnName": "package_name",
            "affinity": "TEXT",
            "notNull": true
          }
        ],
        "primaryKey": {
          "columnNames": [
            "package_name"
          ],
          "autoGenerate": false
        },
        "indices": [],
        "foreignKeys": []
      },
      {
        "tableName": "app_activity",
        "createSql": "CREATE TABLE IF NOT EXISTS `${TABLE_NAME}` (`device_id` TEXT NOT NULL, `app_package_name` TEXT NOT NULL, `activity_class_name` TEXT NOT NULL, `activity_title` TEXT NOT NULL, PRIMARY KEY(`device_id`, `app_package_name`, `activity_class_name`))",
        "fields": [
          {
            "fieldPath": "deviceId",
            "columnName": "device_id",
            "affinity": "TEXT",
            "notNull": true
          },
          {
            "fieldPath": "appPackageName",
            "columnName": "app_package_name",
            "affinity": "TEXT",
            "notNull": true
          },
          {
            "fieldPath": "activityClassName",
            "columnName": "activity_class_name",
            "affinity": "TEXT",
            "notNull": true
          },
          {
            "fieldPath": "title",
            "columnName": "activity_title",
            "affinity": "TEXT",
            "notNull": true
          }
        ],
        "primaryKey": {
          "columnNames": [
            "device_id",
            "app_package_name",
            "activity_class_name"
          ],
          "autoGenerate": false
        },
        "indices": [],
        "foreignKeys": []
      },
      {
        "tableName": "allowed_contact",
        "createSql": "CREATE TABLE IF NOT EXISTS `${TABLE_NAME}` (`id` INTEGER PRIMARY KEY AUTOINCREMENT NOT NULL, `title` TEXT NOT NULL, `phone` TEXT NOT NULL)",
        "fields": [
          {
            "fieldPath": "id",
            "columnName": "id",
            "affinity": "INTEGER",
            "notNull": true
          },
          {
            "fieldPath": "title",
            "columnName": "title",
            "affinity": "TEXT",
            "notNull": true
          },
          {
            "fieldPath": "phone",
            "columnName": "phone",
            "affinity": "TEXT",
            "notNull": true
          }
        ],
        "primaryKey": {
          "columnNames": [
            "id"
          ],
          "autoGenerate": true
        },
        "indices": [],
        "foreignKeys": []
      },
      {
        "tableName": "user_key",
        "createSql": "CREATE TABLE IF NOT EXISTS `${TABLE_NAME}` (`user_id` TEXT NOT NULL, `key` BLOB NOT NULL, `last_use` INTEGER NOT NULL, PRIMARY KEY(`user_id`), FOREIGN KEY(`user_id`) REFERENCES `user`(`id`) ON UPDATE CASCADE ON DELETE CASCADE )",
        "fields": [
          {
            "fieldPath": "userId",
            "columnName": "user_id",
            "affinity": "TEXT",
            "notNull": true
          },
          {
            "fieldPath": "publicKey",
            "columnName": "key",
            "affinity": "BLOB",
            "notNull": true
          },
          {
            "fieldPath": "lastUse",
            "columnName": "last_use",
            "affinity": "INTEGER",
            "notNull": true
          }
        ],
        "primaryKey": {
          "columnNames": [
            "user_id"
          ],
          "autoGenerate": false
        },
        "indices": [
          {
            "name": "index_user_key_key",
            "unique": true,
            "columnNames": [
              "key"
            ],
            "createSql": "CREATE UNIQUE INDEX IF NOT EXISTS `index_user_key_key` ON `${TABLE_NAME}` (`key`)"
          }
        ],
        "foreignKeys": [
          {
            "table": "user",
            "onDelete": "CASCADE",
            "onUpdate": "CASCADE",
            "columns": [
              "user_id"
            ],
            "referencedColumns": [
              "id"
            ]
          }
        ]
      },
      {
        "tableName": "session_duration",
        "createSql": "CREATE TABLE IF NOT EXISTS `${TABLE_NAME}` (`category_id` TEXT NOT NULL, `max_session_duration` INTEGER NOT NULL, `session_pause_duration` INTEGER NOT NULL, `start_minute_of_day` INTEGER NOT NULL, `end_minute_of_day` INTEGER NOT NULL, `last_usage` INTEGER NOT NULL, `last_session_duration` INTEGER NOT NULL, PRIMARY KEY(`category_id`, `max_session_duration`, `session_pause_duration`, `start_minute_of_day`, `end_minute_of_day`), FOREIGN KEY(`category_id`) REFERENCES `category`(`id`) ON UPDATE CASCADE ON DELETE CASCADE )",
        "fields": [
          {
            "fieldPath": "categoryId",
            "columnName": "category_id",
            "affinity": "TEXT",
            "notNull": true
          },
          {
            "fieldPath": "maxSessionDuration",
            "columnName": "max_session_duration",
            "affinity": "INTEGER",
            "notNull": true
          },
          {
            "fieldPath": "sessionPauseDuration",
            "columnName": "session_pause_duration",
            "affinity": "INTEGER",
            "notNull": true
          },
          {
            "fieldPath": "startMinuteOfDay",
            "columnName": "start_minute_of_day",
            "affinity": "INTEGER",
            "notNull": true
          },
          {
            "fieldPath": "endMinuteOfDay",
            "columnName": "end_minute_of_day",
            "affinity": "INTEGER",
            "notNull": true
          },
          {
            "fieldPath": "lastUsage",
            "columnName": "last_usage",
            "affinity": "INTEGER",
            "notNull": true
          },
          {
            "fieldPath": "lastSessionDuration",
            "columnName": "last_session_duration",
            "affinity": "INTEGER",
            "notNull": true
          }
        ],
        "primaryKey": {
          "columnNames": [
            "category_id",
            "max_session_duration",
            "session_pause_duration",
            "start_minute_of_day",
            "end_minute_of_day"
          ],
          "autoGenerate": false
        },
        "indices": [
          {
            "name": "session_duration_index_category_id",
            "unique": false,
            "columnNames": [
              "category_id"
            ],
            "createSql": "CREATE INDEX IF NOT EXISTS `session_duration_index_category_id` ON `${TABLE_NAME}` (`category_id`)"
          }
        ],
        "foreignKeys": [
          {
            "table": "category",
            "onDelete": "CASCADE",
            "onUpdate": "CASCADE",
            "columns": [
              "category_id"
            ],
            "referencedColumns": [
              "id"
            ]
          }
        ]
      },
      {
        "tableName": "user_limit_login_category",
        "createSql": "CREATE TABLE IF NOT EXISTS `${TABLE_NAME}` (`user_id` TEXT NOT NULL, `category_id` TEXT NOT NULL, PRIMARY KEY(`user_id`), FOREIGN KEY(`user_id`) REFERENCES `user`(`id`) ON UPDATE CASCADE ON DELETE CASCADE , FOREIGN KEY(`category_id`) REFERENCES `category`(`id`) ON UPDATE CASCADE ON DELETE CASCADE )",
        "fields": [
          {
            "fieldPath": "userId",
            "columnName": "user_id",
            "affinity": "TEXT",
            "notNull": true
          },
          {
            "fieldPath": "categoryId",
            "columnName": "category_id",
            "affinity": "TEXT",
            "notNull": true
          }
        ],
        "primaryKey": {
          "columnNames": [
            "user_id"
          ],
          "autoGenerate": false
        },
        "indices": [
          {
            "name": "user_limit_login_category_index_category_id",
            "unique": false,
            "columnNames": [
              "category_id"
            ],
            "createSql": "CREATE INDEX IF NOT EXISTS `user_limit_login_category_index_category_id` ON `${TABLE_NAME}` (`category_id`)"
          }
        ],
        "foreignKeys": [
          {
            "table": "user",
            "onDelete": "CASCADE",
            "onUpdate": "CASCADE",
            "columns": [
              "user_id"
            ],
            "referencedColumns": [
              "id"
            ]
          },
          {
            "table": "category",
            "onDelete": "CASCADE",
            "onUpdate": "CASCADE",
            "columns": [
              "category_id"
            ],
            "referencedColumns": [
              "id"
            ]
          }
        ]
      }
    ],
    "views": [],
    "setupQueries": [
      "CREATE TABLE IF NOT EXISTS room_master_table (id INTEGER PRIMARY KEY,identity_hash TEXT)",
      "INSERT OR REPLACE INTO room_master_table (id,identity_hash) VALUES(42, '48eeab98d9c0d410e7f0ae07034b3b48')"
    ]
  }
}