{
  "gammacontrol": [
    {
      "name": "molesarecomingv1",
      "kcal": "245 244 240",
      "red_greys": "49",
      "red_mids": "21",
      "red_blacks": "118",
      "red_whites": "48",
      "green_greys": "49",
      "green_mids": "21",
      "green_blacks": "118",
      "green_whites": "48",
      "blue_greys": "49",
      "blue_mids": "21",
      "blue_blacks": "118",
      "blue_whites": "48",
      "contrast": "31",
      "brightness": "9",
      "saturation": "64"
    },
    {
      "name": "molesarecomingv2",
      "kcal": "245 244 240",
      "red_greys": "64",
      "red_mids": "68",
      "red_blacks": "118",
      "red_whites": "48",
      "green_greys": "64",
      "green_mids": "68",
      "green_blacks": "118",
      "green_whites": "48",
      "blue_greys": "64",
      "blue_mids": "68",
      "blue_blacks": "118",
      "blue_whites": "48",
      "contrast": "26",
      "brightness": "0",
      "saturation": "64"
    },
    {
      "name": "molesarecomingv3",
      "kcal": "249 249 255",
      "red_greys": "10",
      "red_mids": "68",
      "red_blacks": "116",
      "red_whites": "56",
      "green_greys": "10",
      "green_mids": "68",
      "green_blacks": "116",
      "green_whites": "56",
      "blue_greys": "10",
      "blue_mids": "68",
      "blue_blacks": "116",
      "blue_whites": "56",
      "contrast": "28",
      "brightness": "0",
      "saturation": "36"
    },
    {
      "name": "molesarecomingv4",
      "kcal": "255 255 255",
      "red_greys": "32",
      "red_mids": "68",
      "red_blacks": "118",
      "red_whites": "64",
      "green_greys": "32",
      "green_mids": "68",
      "green_blacks": "118",
      "green_whites": "64",
      "blue_greys": "32",
      "blue_mids": "68",
      "blue_blacks": "118",
      "blue_whites": "64",
      "contrast": "25",
      "brightness": "4",
      "saturation": "66"
    },
    {
      "name": "obsanity",
      "kcal": "255 255 255",
      "red_greys": "20",
      "red_mids": "0",
      "red_blacks": "255",
      "red_whites": "0",
      "green_greys": "20",
      "green_mids": "0",
      "green_blacks": "255",
      "green_whites": "0",
      "blue_greys": "20",
      "blue_mids": "0",
      "blue_blacks": "255",
      "blue_whites": "0",
      "contrast": "0",
      "brightness": "0",
      "saturation": "255"
    },
    {
      "name": "Krunk83",
      "kcal": "232 226 238",
      "red_greys": "20",
      "red_mids": "90",
      "red_blacks": "75",
      "red_whites": "50",
      "green_greys": "20",
      "green_mids": "90",
      "green_blacks": "75",
      "green_whites": "50",
      "blue_greys": "20",
      "blue_mids": "90",
      "blue_blacks": "75",
      "blue_whites": "50",
      "contrast": "29",
      "brightness": "2",
      "saturation": "120"
    },
    {
      "name": "visceralpsyche",
      "kcal": "175 175 175",
      "red_greys": "0",
      "red_mids": "100",
      "red_blacks": "255",
      "red_whites": "20",
      "green_greys": "0",
      "green_mids": "100",
      "green_blacks": "255",
      "green_whites": "20",
      "blue_greys": "0",
      "blue_mids": "100",
      "blue_blacks": "255",
      "blue_whites": "20",
      "contrast": "0",
      "brightness": "0",
      "saturation": "200"
    },
    {
      "name": "eep2378",
      "kcal": "248 240 240",
      "red_greys": "120",
      "red_mids": "75",
      "red_blacks": "20",
      "red_whites": "50",
      "green_greys": "120",
      "green_mids": "75",
      "green_blacks": "20",
      "green_whites": "50",
      "blue_greys": "120",
      "blue_mids": "75",
      "blue_blacks": "20",
      "blue_whites": "50",
      "contrast": "90",
      "brightness": "25",
      "saturation": "4"
    },
    {
      "name": "Kel Ghu",
      "kcal": "255 255 255",
      "red_greys": "1",
      "red_mids": "0",
      "red_blacks": "255",
      "red_whites": "0",
      "green_greys": "1",
      "green_mids": "0",
      "green_blacks": "255",
      "green_whites": "0",
      "blue_greys": "1",
      "blue_mids": "0",
      "blue_blacks": "255",
      "blue_whites": "0",
      "contrast": "255",
      "brightness": "0",
      "saturation": "202"
    },
    {
      "name": "Kel Ghu",
      "kcal": "255 255 255",
      "red_greys": "0",
      "red_mids": "255",
      "red_blacks": "255",
      "red_whites": "108",
      "green_greys": "0",
      "green_mids": "255",
      "green_blacks": "255",
      "green_whites": "108",
      "blue_greys": "0",
      "blue_mids": "255",
      "blue_blacks": "255",
      "blue_whites": "108",
      "contrast": "255",
      "brightness": "0",
      "saturation": "255"
    },
    {
      "name": "visceralpsyche",
      "kcal": "175 155 145",
      "red_greys": "0",
      "red_mids": "100",
      "red_blacks": "255",
      "red_whites": "20",
      "green_greys": "0",
      "green_mids": "100",
      "green_blacks": "255",
      "green_whites": "20",
      "blue_greys": "0",
      "blue_mids": "100",
      "blue_blacks": "255",
      "blue_whites": "20",
      "contrast": "0",
      "brightness": "3",
      "saturation": "7"
    },
    {
      "name": "Ensifolk",
      "kcal": "255 255 255",
      "red_greys": "0",
      "red_mids": "100",
      "red_blacks": "255",
      "red_whites": "20",
      "green_greys": "0",
      "green_mids": "100",
      "green_blacks": "255",
      "green_whites": "20",
      "blue_greys": "0",
      "blue_mids": "100",
      "blue_blacks": "255",
      "blue_whites": "20",
      "contrast": "0",
      "brightness": "3",
      "saturation": "7"
    },
    {
      "name": "Kel Ghu",
      "kcal": "255 255 255",
      "red_greys": "0",
      "red_mids": "64",
      "red_blacks": "255",
      "red_whites": "97",
      "green_greys": "0",
      "green_mids": "64",
      "green_blacks": "255",
      "green_whites": "97",
      "blue_greys": "0",
      "blue_mids": "64",
      "blue_blacks": "255",
      "blue_whites": "97",
      "contrast": "255",
      "brightness": "0",
      "saturation": "206"
    },
    {
      "name": "jdrials",
      "kcal": "255 255 255",
      "red_greys": "12",
      "red_mids": "75",
      "red_blacks": "230",
      "red_whites": "0",
      "green_greys": "12",
      "green_mids": "75",
      "green_blacks": "230",
      "green_whites": "0",
      "blue_greys": "12",
      "blue_mids": "75",
      "blue_blacks": "230",
      "blue_whites": "0",
      "contrast": "0",
      "brightness": "0",
      "saturation": "255"
    },
    {
      "name": "richteralan",
      "kcal": "255 253 249",
      "red_greys": "16",
      "red_mids": "21",
      "red_blacks": "96",
      "red_whites": "0",
      "green_greys": "16",
      "green_mids": "21",
      "green_blacks": "96",
      "green_whites": "0",
      "blue_greys": "16",
      "blue_mids": "21",
      "blue_blacks": "96",
      "blue_whites": "0",
      "contrast": "16",
      "brightness": "0",
      "saturation": "80"
    },
    {
      "name": "jdrials",
      "kcal": "255 255 255",
      "red_greys": "12",
      "red_mids": "90",
      "red_blacks": "230",
      "red_whites": "0",
      "green_greys": "12",
      "green_mids": "90",
      "green_blacks": "230",
      "green_whites": "0",
      "blue_greys": "12",
      "blue_mids": "90",
      "blue_blacks": "230",
      "blue_whites": "0",
      "contrast": "0",
      "brightness": "0",
      "saturation": "255"
    },
    {
      "name": "nbeebe24",
      "kcal": "255 255 255",
      "red_greys": "17",
      "red_mids": "22",
      "red_blacks": "255",
      "red_whites": "2",
      "green_greys": "17",
      "green_mids": "22",
      "green_blacks": "255",
      "green_whites": "2",
      "blue_greys": "17",
      "blue_mids": "22",
      "blue_blacks": "255",
      "blue_whites": "2",
      "contrast": "22",
      "brightness": "1",
      "saturation": "0"
    },
    {
      "name": "obsanity",
      "kcal": "255 255 255",
      "red_greys": "0",
      "red_mids": "255",
      "red_blacks": "255",
      "red_whites": "12",
      "green_greys": "0",
      "green_mids": "255",
      "green_blacks": "255",
      "green_whites": "12",
      "blue_greys": "0",
      "blue_mids": "255",
      "blue_blacks": "255",
      "blue_whites": "12",
      "contrast": "0",
      "brightness": "0",
      "saturation": "7"
    },
    {
      "name": "figuremania",
      "kcal": "217 195 173",
      "red_greys": "0",
      "red_mids": "150",
      "red_blacks": "180",
      "red_whites": "0",
      "green_greys": "0",
      "green_mids": "150",
      "green_blacks": "180",
      "green_whites": "0",
      "blue_greys": "0",
      "blue_mids": "150",
      "blue_blacks": "180",
      "blue_whites": "0",
      "contrast": "0",
      "brightness": "0",
      "saturation": "4"
    },
    {
      "name": "Kel Ghu",
      "kcal": "255 255 255",
      "red_greys": "0",
      "red_mids": "64",
      "red_blacks": "255",
      "red_whites": "60",
      "green_greys": "0",
      "green_mids": "64",
      "green_blacks": "255",
      "green_whites": "60",
      "blue_greys": "0",
      "blue_mids": "64",
      "blue_blacks": "255",
      "blue_whites": "60",
      "contrast": "255",
      "brightness": "0",
      "saturation": "214"
    },
    {
      "name": "hello00",
      "kcal": "255 255 255",
      "red_greys": "null",
      "red_mids": "255",
      "red_blacks": "255",
      "red_whites": "12",
      "green_greys": "null",
      "green_mids": "255",
      "green_blacks": "255",
      "green_whites": "12",
      "blue_greys": "null",
      "blue_mids": "255",
      "blue_blacks": "255",
      "blue_whites": "12",
      "contrast": "0",
      "brightness": "0",
      "saturation": "7"
    },
    {
      "name": "cobyman7035",
      "kcal": "255 255 255",
      "red_greys": "32",
      "red_mids": "68",
      "red_blacks": "118",
      "red_whites": "42",
      "green_greys": "32",
      "green_mids": "68",
      "green_blacks": "118",
      "green_whites": "42",
      "blue_greys": "32",
      "blue_mids": "68",
      "blue_blacks": "118",
      "blue_whites": "42",
      "contrast": "20",
      "brightness": "6",
      "saturation": "7"
    },
    {
      "name": "richteralan",
      "kcal": "255 255 253",
      "red_greys": "0",
      "red_mids": "4",
      "red_blacks": "87",
      "red_whites": "1",
      "green_greys": "0",
      "green_mids": "4",
      "green_blacks": "87",
      "green_whites": "1",
      "blue_greys": "0",
      "blue_mids": "4",
      "blue_blacks": "87",
      "blue_whites": "1",
      "contrast": "0",
      "brightness": "1",
      "saturation": "23"
    },
    {
      "name": "jc monkeyballs",
      "kcal": "255 255 255",
      "red_greys": "0",
      "red_mids": "3",
      "red_blacks": "119",
      "red_whites": "55",
      "green_greys": "0",
      "green_mids": "3",
      "green_blacks": "119",
      "green_whites": "55",
      "blue_greys": "0",
      "blue_mids": "3",
      "blue_blacks": "119",
      "blue_whites": "55",
      "contrast": "23",
      "brightness": "5",
      "saturation": "119"
    },
    {
      "name": "Archmag3",
      "kcal": "237 242 240",
      "red_greys": "4",
      "red_mids": "119",
      "red_blacks": "119",
      "red_whites": "1",
      "green_greys": "4",
      "green_mids": "119",
      "green_blacks": "119",
      "green_whites": "1",
      "blue_greys": "4",
      "blue_mids": "119",
      "blue_blacks": "119",
      "blue_whites": "1",
      "contrast": "22",
      "brightness": "6",
      "saturation": "6"
    },
    {
      "name": "richteralan",
      "kcal": "255 253 250",
      "red_greys": "0",
      "red_mids": "87",
      "red_blacks": "103",
      "red_whites": "1",
      "green_greys": "0",
      "green_mids": "87",
      "green_blacks": "103",
      "green_whites": "1",
      "blue_greys": "0",
      "blue_mids": "87",
      "blue_blacks": "103",
      "blue_whites": "1",
      "contrast": "0",
      "brightness": "0",
      "saturation": "6"
    },
    {
      "name": "halluci293",
      "kcal": "200 190 185",
      "red_greys": "0",
      "red_mids": "23",
      "red_blacks": "119",
      "red_whites": "0",
      "green_greys": "0",
      "green_mids": "23",
      "green_blacks": "119",
      "green_whites": "0",
      "blue_greys": "0",
      "blue_mids": "23",
      "blue_blacks": "119",
      "blue_whites": "0",
      "contrast": "0",
      "brightness": "8",
      "saturation": "23"
    },
    {
      "name": "Kel Ghu",
      "kcal": "185 185 185",
      "red_greys": "0",
      "red_mids": "6",
      "red_blacks": "119",
      "red_whites": "0",
      "green_greys": "0",
      "green_mids": "6",
      "green_blacks": "119",
      "green_whites": "0",
      "blue_greys": "0",
      "blue_mids": "6",
      "blue_blacks": "119",
      "blue_whites": "0",
      "contrast": "19",
      "brightness": "15",
      "saturation": "7"
    },
    {
      "name": "Kel Ghu",
      "kcal": "255 255 255",
      "red_greys": "0",
      "red_mids": "0",
      "red_blacks": "71",
      "red_whites": "0",
      "green_greys": "0",
      "green_mids": "0",
      "green_blacks": "71",
      "green_whites": "0",
      "blue_greys": "0",
      "blue_mids": "0",
      "blue_blacks": "71",
      "blue_whites": "0",
      "contrast": "3",
      "brightness": "0",
      "saturation": "71"
    },
    {
      "name": "obsanity",
      "kcal": "255 255 255",
      "red_greys": "0",
      "red_mids": "119",
      "red_blacks": "119",
      "red_whites": "103",
      "green_greys": "0",
      "green_mids": "119",
      "green_blacks": "119",
      "green_whites": "103",
      "blue_greys": "0",
      "blue_mids": "119",
      "blue_blacks": "119",
      "blue_whites": "103",
      "contrast": "23",
      "brightness": "0",
      "saturation": "119"
    },
    {
      "name": "visceralpsyche",
      "kcal": "181 167 162",
      "red_greys": "0",
      "red_mids": "5",
      "red_blacks": "119",
      "red_whites": "2",
      "green_greys": "0",
      "green_mids": "5",
      "green_blacks": "119",
      "green_whites": "2",
      "blue_greys": "0",
      "blue_mids": "5",
      "blue_blacks": "119",
      "blue_whites": "2",
      "contrast": "1",
      "brightness": "0",
      "saturation": "7"
    },
    {
      "name": "ceejay83",
      "kcal": "255 255 255",
      "red_greys": "0",
      "red_mids": "103",
      "red_blacks": "119",
      "red_whites": "3",
      "green_greys": "0",
      "green_mids": "103",
      "green_blacks": "119",
      "green_whites": "3",
      "blue_greys": "0",
      "blue_mids": "103",
      "blue_blacks": "119",
      "blue_whites": "3",
      "contrast": "0",
      "brightness": "6",
      "saturation": "71"
    },
    {
      "name": "Nickornothing13",
      "kcal": "235 245 255",
      "red_greys": "0",
      "red_mids": "103",
      "red_blacks": "119",
      "red_whites": "23",
      "green_greys": "0",
      "green_mids": "103",
      "green_blacks": "119",
      "green_whites": "23",
      "blue_greys": "0",
      "blue_mids": "103",
      "blue_blacks": "119",
      "blue_whites": "23",
      "contrast": "25",
      "brightness": "8",
      "saturation": "71"
    },
    {
      "name": "tr11af29",
      "kcal": "224 224 224",
      "red_greys": "0",
      "red_mids": "39",
      "red_blacks": "119",
      "red_whites": "5",
      "green_greys": "0",
      "green_mids": "39",
      "green_blacks": "119",
      "green_whites": "5",
      "blue_greys": "0",
      "blue_mids": "39",
      "blue_blacks": "119",
      "blue_whites": "5",
      "contrast": "16",
      "brightness": "13",
      "saturation": "55"
    },
    {
      "name": "Archmag3",
      "kcal": "233 232 242",
      "red_greys": "1",
      "red_mids": "119",
      "red_blacks": "103",
      "red_whites": "2",
      "green_greys": "1",
      "green_mids": "119",
      "green_blacks": "103",
      "green_whites": "2",
      "blue_greys": "1",
      "blue_mids": "119",
      "blue_blacks": "103",
      "blue_whites": "2",
      "contrast": "29",
      "brightness": "6",
      "saturation": "23"
    },
    {
      "name": "otariq",
      "kcal": "255 255 255",
      "red_greys": "0",
      "red_mids": "119",
      "red_blacks": "119",
      "red_whites": "0",
      "green_greys": "0",
      "green_mids": "119",
      "green_blacks": "119",
      "green_whites": "0",
      "blue_greys": "0",
      "blue_mids": "119",
      "blue_blacks": "119",
      "blue_whites": "0",
      "contrast": "12",
      "brightness": "2",
      "saturation": "2"
    },
    {
      "name": "hospital349",
      "kcal": "250 250 255",
      "red_greys": "0",
      "red_mids": "119",
      "red_blacks": "119",
      "red_whites": "7",
      "green_greys": "0",
      "green_mids": "119",
      "green_blacks": "119",
      "green_whites": "7",
      "blue_greys": "0",
      "blue_mids": "119",
      "blue_blacks": "119",
      "blue_whites": "7",
      "contrast": "22",
      "brightness": "2",
      "saturation": "119"
    },
    {
      "name": "Audioboxer",
      "kcal": "250 250 255",
      "red_greys": "0",
      "red_mids": "119",
      "red_blacks": "119",
      "red_whites": "23",
      "green_greys": "0",
      "green_mids": "119",
      "green_blacks": "119",
      "green_whites": "23",
      "blue_greys": "0",
      "blue_mids": "119",
      "blue_blacks": "119",
      "blue_whites": "23",
      "contrast": "22",
      "brightness": "6",
      "saturation": "119"
    },
    {
      "name": "NoLunchBox_",
      "kcal": "235 235 235",
      "red_greys": "0",
      "red_mids": "119",
      "red_blacks": "119",
      "red_whites": "23",
      "green_greys": "0",
      "green_mids": "119",
      "green_blacks": "119",
      "green_whites": "23",
      "blue_greys": "0",
      "blue_mids": "119",
      "blue_blacks": "119",
      "blue_whites": "23",
      "contrast": "18",
      "brightness": "2",
      "saturation": "119"
    },
    {
      "name": "meranto",
      "kcal": "255 255 255",
      "red_greys": "0",
      "red_mids": "119",
      "red_blacks": "119",
      "red_whites": "87",
      "green_greys": "0",
      "green_mids": "119",
      "green_blacks": "119",
      "green_whites": "87",
      "blue_greys": "0",
      "blue_mids": "119",
      "blue_blacks": "119",
      "blue_whites": "87",
      "contrast": "23",
      "brightness": "0",
      "saturation": "87"
    },
    {
      "name": "jdrials",
      "kcal": "255 255 255",
      "red_greys": "0",
      "red_mids": "130",
      "red_blacks": "255",
      "red_whites": "8",
      "green_greys": "0",
      "green_mids": "130",
      "green_blacks": "255",
      "green_whites": "8",
      "blue_greys": "0",
      "blue_mids": "130",
      "blue_blacks": "255",
      "blue_whites": "8",
      "contrast": "2",
      "brightness": "1",
      "saturation": "99"
    },
    {
      "name": "bundi22",
      "kcal": "255 255 255",
      "red_greys": "0",
      "red_mids": "87",
      "red_blacks": "119",
      "red_whites": "0",
      "green_greys": "0",
      "green_mids": "87",
      "green_blacks": "119",
      "green_whites": "0",
      "blue_greys": "0",
      "blue_mids": "87",
      "blue_blacks": "119",
      "blue_whites": "0",
      "contrast": "6",
      "brightness": "0",
      "saturation": "1"
    },
    {
      "name": "bundi22",
      "kcal": "255 255 255",
      "red_greys": "0",
      "red_mids": "39",
      "red_blacks": "119",
      "red_whites": "0",
      "green_greys": "0",
      "green_mids": "39",
      "green_blacks": "119",
      "green_whites": "0",
      "blue_greys": "0",
      "blue_mids": "39",
      "blue_blacks": "119",
      "blue_whites": "0",
      "contrast": "6",
      "brightness": "0",
      "saturation": "2"
    },
    {
      "name": "copi",
      "kcal": "255 255 255",
      "red_greys": "0",
      "red_mids": "5",
      "red_blacks": "119",
      "red_whites": "0",
      "green_greys": "0",
      "green_mids": "5",
      "green_blacks": "119",
      "green_whites": "0",
      "blue_greys": "0",
      "blue_mids": "5",
      "blue_blacks": "119",
      "blue_whites": "0",
      "contrast": "18",
      "brightness": "6",
      "saturation": "2"
    },
    {
      "name": "alucard8888",
      "kcal": "255 255 255",
      "red_greys": "0",
      "red_mids": "49",
      "red_blacks": "119",
      "red_whites": "0",
      "green_greys": "0",
      "green_mids": "49",
      "green_blacks": "119",
      "green_whites": "0",
      "blue_greys": "0",
      "blue_mids": "49",
      "blue_blacks": "119",
      "blue_whites": "0",
      "contrast": "6",
      "brightness": "0",
      "saturation": "20"
    },
    {
      "name": "Noren2",
      "kcal": "240 240 255",
      "red_greys": "0",
      "red_mids": "0",
      "red_blacks": "0",
      "red_whites": "0",
      "green_greys": "0",
      "green_mids": "0",
      "green_blacks": "0",
      "green_whites": "0",
      "blue_greys": "0",
      "blue_mids": "0",
      "blue_blacks": "0",
      "blue_whites": "0",
      "contrast": "0",
      "brightness": "0",
      "saturation": "87"
    },
    {
      "name": "obsanity",
      "kcal": "255 255 255",
      "red_greys": "0",
      "red_mids": "119",
      "red_blacks": "119",
      "red_whites": "7",
      "green_greys": "0",
      "green_mids": "119",
      "green_blacks": "119",
      "green_whites": "7",
      "blue_greys": "0",
      "blue_mids": "119",
      "blue_blacks": "119",
      "blue_whites": "7",
      "contrast": "0",
      "brightness": "0",
      "saturation": "119"
    },
    {
      "name": "gpvecchi",
      "kcal": "254 240 227",
      "red_greys": "0",
      "red_mids": "0",
      "red_blacks": "0",
      "red_whites": "0",
      "green_greys": "0",
      "green_mids": "0",
      "green_blacks": "0",
      "green_whites": "0",
      "blue_greys": "0",
      "blue_mids": "0",
      "blue_blacks": "0",
      "blue_whites": "0",
      "contrast": "0",
      "brightness": "1",
      "saturation": "39"
    },
    {
      "name": "hello00",
      "kcal": "255 255 255",
      "red_greys": "0",
      "red_mids": "87",
      "red_blacks": "119",
      "red_whites": "0",
      "green_greys": "0",
      "green_mids": "87",
      "green_blacks": "119",
      "green_whites": "0",
      "blue_greys": "0",
      "blue_mids": "87",
      "blue_blacks": "119",
      "blue_whites": "0",
      "contrast": "6",
      "brightness": "0",
      "saturation": "55"
    },
    {
      "name": "hello00",
      "kcal": "255 255 255",
      "red_greys": "0",
      "red_mids": "87",
      "red_blacks": "119",
      "red_whites": "0",
      "green_greys": "0",
      "green_mids": "87",
      "green_blacks": "119",
      "green_whites": "0",
      "blue_greys": "0",
      "blue_mids": "87",
      "blue_blacks": "119",
      "blue_whites": "0",
      "contrast": "6",
      "brightness": "0",
      "saturation": "87"
    },
    {
      "name": "sadoway",
      "kcal": "255 247 244",
      "red_greys": "0",
      "red_mids": "87",
      "red_blacks": "119",
      "red_whites": "0",
      "green_greys": "0",
      "green_mids": "87",
      "green_blacks": "119",
      "green_whites": "0",
      "blue_greys": "0",
      "blue_mids": "87",
      "blue_blacks": "119",
      "blue_whites": "0",
      "contrast": "6",
      "brightness": "0",
      "saturation": "2"
    },
    {
      "name": "sadoway",
      "kcal": "255 252 254",
      "red_greys": "0",
      "red_mids": "39",
      "red_blacks": "119",
      "red_whites": "2",
      "green_greys": "0",
      "green_mids": "39",
      "green_blacks": "103",
      "green_whites": "1",
      "blue_greys": "0",
      "blue_mids": "5",
      "blue_blacks": "119",
      "blue_whites": "1",
      "contrast": "0",
      "brightness": "6",
      "saturation": "55"
    },
    {
      "name": "sadoway",
      "kcal": "255 252 254",
      "red_greys": "0",
      "red_mids": "39",
      "red_blacks": "119",
      "red_whites": "2",
      "green_greys": "0",
      "green_mids": "39",
      "green_blacks": "103",
      "green_whites": "1",
      "blue_greys": "0",
      "blue_mids": "5",
      "blue_blacks": "119",
      "blue_whites": "1",
      "contrast": "0",
      "brightness": "7",
      "saturation": "55"
    },
    {
      "name": "sadoway",
      "kcal": "255 247 244",
      "red_greys": "0",
      "red_mids": "87",
      "red_blacks": "119",
      "red_whites": "0",
      "green_greys": "0",
      "green_mids": "87",
      "green_blacks": "119",
      "green_whites": "0",
      "blue_greys": "0",
      "blue_mids": "87",
      "blue_blacks": "119",
      "blue_whites": "0",
      "contrast": "7",
      "brightness": "6",
      "saturation": "23"
    },
    {
      "name": "gpvecchi",
      "kcal": "255 240 219",
      "red_greys": "0",
      "red_mids": "0",
      "red_blacks": "0",
      "red_whites": "0",
      "green_greys": "0",
      "green_mids": "0",
      "green_blacks": "0",
      "green_whites": "0",
      "blue_greys": "0",
      "blue_mids": "0",
      "blue_blacks": "0",
      "blue_whites": "0",
      "contrast": "0",
      "brightness": "9",
      "saturation": "71"
    },
    {
      "name": "sadoway",
      "kcal": "255 252 254",
      "red_greys": "1",
      "red_mids": "55",
      "red_blacks": "103",
      "red_whites": "1",
      "green_greys": "1",
      "green_mids": "55",
      "green_blacks": "103",
      "green_whites": "0",
      "blue_greys": "1",
      "blue_mids": "39",
      "blue_blacks": "119",
      "blue_whites": "0",
      "contrast": "1",
      "brightness": "2",
      "saturation": "6"
    },
    {
      "name": "username8611",
      "kcal": "255 255 255",
      "red_greys": "0",
      "red_mids": "0",
      "red_blacks": "119",
      "red_whites": "0",
      "green_greys": "0",
      "green_mids": "0",
      "green_blacks": "119",
      "green_whites": "0",
      "blue_greys": "0",
      "blue_mids": "0",
      "blue_blacks": "119",
      "blue_whites": "0",
      "contrast": "0",
      "brightness": "0",
      "saturation": "119"
    },
    {
      "name": "gpvecchi",
      "kcal": "255 240 222",
      "red_greys": "0",
      "red_mids": "0",
      "red_blacks": "0",
      "red_whites": "0",
      "green_greys": "0",
      "green_mids": "0",
      "green_blacks": "0",
      "green_whites": "0",
      "blue_greys": "0",
      "blue_mids": "0",
      "blue_blacks": "0",
      "blue_whites": "0",
      "contrast": "0",
      "brightness": "8",
      "saturation": "71"
    },
    {
      "name": "Pilatus47",
      "kcal": "255 252 254",
      "red_greys": "1",
      "red_mids": "55",
      "red_blacks": "103",
      "red_whites": "1",
      "green_greys": "1",
      "green_mids": "55",
      "green_blacks": "103",
      "green_whites": "0",
      "blue_greys": "1",
      "blue_mids": "39",
      "blue_blacks": "119",
      "blue_whites": "0",
      "contrast": "10",
      "brightness": "2",
      "saturation": "23"
    },
    {
      "name": "sufferin_succotash",
      "kcal": "200 180 200",
      "red_greys": "0",
      "red_mids": "0",
      "red_blacks": "0",
      "red_whites": "0",
      "green_greys": "0",
      "green_mids": "0",
      "green_blacks": "0",
      "green_whites": "0",
      "blue_greys": "0",
      "blue_mids": "0",
      "blue_blacks": "0",
      "blue_whites": "0",
      "contrast": "9",
      "brightness": "7",
      "saturation": "55"
    },
    {
      "name": "nedooo",
      "kcal": "255 255 255",
      "red_greys": "0",
      "red_mids": "255",
      "red_blacks": "255",
      "red_whites": "0",
      "green_greys": "0",
      "green_mids": "255",
      "green_blacks": "255",
      "green_whites": "0",
      "blue_greys": "0",
      "blue_mids": "255",
      "blue_blacks": "255",
      "blue_whites": "0",
      "contrast": "0",
      "brightness": "0",
      "saturation": "0"
    },
    {
      "name": "Sak3ater",
      "kcal": "255 255 255",
      "red_greys": "0",
      "red_mids": "5",
      "red_blacks": "119",
      "red_whites": "2",
      "green_greys": "0",
      "green_mids": "5",
      "green_blacks": "119",
      "green_whites": "2",
      "blue_greys": "0",
      "blue_mids": "5",
      "blue_blacks": "119",
      "blue_whites": "2",
      "contrast": "1",
      "brightness": "0",
      "saturation": "7"
    },
    {
      "name": "Danny.ns",
      "kcal": "220 228 222",
      "red_greys": "0",
      "red_mids": "113",
      "red_blacks": "119",
      "red_whites": "3",
      "green_greys": "0",
      "green_mids": "113",
      "green_blacks": "119",
      "green_whites": "3",
      "blue_greys": "0",
      "blue_mids": "113",
      "blue_blacks": "119",
      "blue_whites": "3",
      "contrast": "0",
      "brightness": "6",
      "saturation": "71"
    },
    {
      "name": "Connor Baker",
      "kcal": "255 255 255",
      "red_greys": "1",
      "red_mids": "103",
      "red_blacks": "119",
      "red_whites": "7",
      "green_greys": "1",
      "green_mids": "103",
      "green_blacks": "119",
      "green_whites": "7",
      "blue_greys": "1",
      "blue_mids": "103",
      "blue_blacks": "119",
      "blue_whites": "7",
      "contrast": "23",
      "brightness": "6",
      "saturation": "119"
    },
    {
      "name": "mohitgalaxy3",
      "kcal": "255 255 255",
      "red_greys": "0",
      "red_mids": "87",
      "red_blacks": "119",
      "red_whites": "39",
      "green_greys": "0",
      "green_mids": "87",
      "green_blacks": "119",
      "green_whites": "39",
      "blue_greys": "0",
      "blue_mids": "87",
      "blue_blacks": "119",
      "blue_whites": "39",
      "contrast": "20",
      "brightness": "5",
      "saturation": "87"
    },
    {
      "name": "mohitgalaxy3",
      "kcal": "255 255 250",
      "red_greys": "0",
      "red_mids": "119",
      "red_blacks": "119",
      "red_whites": "23",
      "green_greys": "0",
      "green_mids": "119",
      "green_blacks": "119",
      "green_whites": "23",
      "blue_greys": "0",
      "blue_mids": "119",
      "blue_blacks": "119",
      "blue_whites": "23",
      "contrast": "15",
      "brightness": "0",
      "saturation": "71"
    },
    {
      "name": "Connor Baker",
      "kcal": "255 255 255",
      "red_greys": "0",
      "red_mids": "87",
      "red_blacks": "119",
      "red_whites": "39",
      "green_greys": "0",
      "green_mids": "87",
      "green_blacks": "119",
      "green_whites": "39",
      "blue_greys": "0",
      "blue_mids": "87",
      "blue_blacks": "119",
      "blue_whites": "39",
      "contrast": "31",
      "brightness": "4",
      "saturation": "119"
    },
    {
      "name": "mohitgalaxy3",
      "kcal": "220 225 220",
      "red_greys": "4",
      "red_mids": "87",
      "red_blacks": "119",
      "red_whites": "5",
      "green_greys": "4",
      "green_mids": "87",
      "green_blacks": "119",
      "green_whites": "5",
      "blue_greys": "4",
      "blue_mids": "87",
      "blue_blacks": "119",
      "blue_whites": "5",
      "contrast": "0",
      "brightness": "8",
      "saturation": "87"
    },
    {
      "name": "sk8oldschool74",
      "kcal": "242 255 255",
      "red_greys": "0",
      "red_mids": "0",
      "red_blacks": "71",
      "red_whites": "18",
      "green_greys": "0",
      "green_mids": "0",
      "green_blacks": "71",
      "green_whites": "18",
      "blue_greys": "0",
      "blue_mids": "0",
      "blue_blacks": "71",
      "blue_whites": "18",
      "contrast": "8",
      "brightness": "6",
      "saturation": "70"
    },
    {
      "name": "hospital349",
      "kcal": "250 250 255",
      "red_greys": "0",
      "red_mids": "119",
      "red_blacks": "119",
      "red_whites": "2",
      "green_greys": "0",
      "green_mids": "119",
      "green_blacks": "119",
      "green_whites": "2",
      "blue_greys": "0",
      "blue_mids": "119",
      "blue_blacks": "119",
      "blue_whites": "2",
      "contrast": "7",
      "brightness": "7",
      "saturation": "7"
    },
    {
      "name": "Kocai",
      "kcal": "255 255 255",
      "red_greys": "0",
      "red_mids": "39",
      "red_blacks": "119",
      "red_whites": "0",
      "green_greys": "0",
      "green_mids": "39",
      "green_blacks": "119",
      "green_whites": "0",
      "blue_greys": "0",
      "blue_mids": "39",
      "blue_blacks": "119",
      "blue_whites": "0",
      "contrast": "1",
      "brightness": "1",
      "saturation": "1"
    },
    {
      "name": "droog.",
      "kcal": "255 255 255",
      "red_greys": "0",
      "red_mids": "119",
      "red_blacks": "119",
      "red_whites": "55",
      "green_greys": "0",
      "green_mids": "119",
      "green_blacks": "119",
      "green_whites": "55",
      "blue_greys": "0",
      "blue_mids": "119",
      "blue_blacks": "119",
      "blue_whites": "55",
      "contrast": "0",
      "brightness": "0",
      "saturation": "55"
    },
    {
      "name": "Quipper2008",
      "kcal": "255 255 255",
      "red_greys": "6",
      "red_mids": "87",
      "red_blacks": "87",
      "red_whites": "23",
      "green_greys": "6",
      "green_mids": "87",
      "green_blacks": "87",
      "green_whites": "23",
      "blue_greys": "6",
      "blue_mids": "87",
      "blue_blacks": "87",
      "blue_whites": "23",
      "contrast": "3",
      "brightness": "13",
      "saturation": "119"
    },
    {
      "name": "aLNG",
      "kcal": "255 255 255",
      "red_greys": "0",
      "red_mids": "119",
      "red_blacks": "119",
      "red_whites": "39",
      "green_greys": "0",
      "green_mids": "119",
      "green_blacks": "119",
      "green_whites": "39",
      "blue_greys": "0",
      "blue_mids": "119",
      "blue_blacks": "119",
      "blue_whites": "39",
      "contrast": "5",
      "brightness": "0",
      "saturation": "119"
    },
    {
      "name": "deezid",
      "kcal": "255 246 236",
      "red_greys": "114",
      "red_mids": "21",
      "red_blacks": "118",
      "red_whites": "48",
      "green_greys": "114",
      "green_mids": "21",
      "green_blacks": "118",
      "green_whites": "48",
      "blue_greys": "114",
      "blue_mids": "21",
      "blue_blacks": "118",
      "blue_whites": "48",
      "contrast": "2",
      "brightness": "0",
      "saturation": "80"
    },
    {
      "name": "gpvecchi",
      "kcal": "255 240 214",
      "red_greys": "113",
      "red_mids": "20",
      "red_blacks": "119",
      "red_whites": "48",
      "green_greys": "114",
      "green_mids": "21",
      "green_blacks": "119",
      "green_whites": "48",
      "blue_greys": "114",
      "blue_mids": "21",
      "blue_blacks": "119",
      "blue_whites": "48",
      "contrast": "0",
      "brightness": "8",
      "saturation": "71"
    },
    {
      "name": "tsiftsism",
      "kcal": "225 225 225",
      "red_greys": "2",
      "red_mids": "7",
      "red_blacks": "119",
      "red_whites": "4",
      "green_greys": "2",
      "green_mids": "7",
      "green_blacks": "119",
      "green_whites": "4",
      "blue_greys": "2",
      "blue_mids": "7",
      "blue_blacks": "119",
      "blue_whites": "4",
      "contrast": "5",
      "brightness": "0",
      "saturation": "23"
    },
    {
      "name": "?mit",
      "kcal": "200 200 200",
      "red_greys": "0",
      "red_mids": "119",
      "red_blacks": "119",
      "red_whites": "7",
      "green_greys": "0",
      "green_mids": "119",
      "green_blacks": "119",
      "green_whites": "7",
      "blue_greys": "0",
      "blue_mids": "119",
      "blue_blacks": "119",
      "blue_whites": "7",
      "contrast": "0",
      "brightness": "0",
      "saturation": "119"
    },
    {
      "name": "mendes1995",
      "kcal": "245 244 240",
      "red_greys": "18",
      "red_mids": "66",
      "red_blacks": "116",
      "red_whites": "0",
      "green_greys": "18",
      "green_mids": "66",
      "green_blacks": "116",
      "green_whites": "0",
      "blue_greys": "18",
      "blue_mids": "66",
      "blue_blacks": "116",
      "blue_whites": "0",
      "contrast": "31",
      "brightness": "0",
      "saturation": "121"
    },
    {
      "name": "sordna",
      "kcal": "255 248 240",
      "red_greys": "119",
      "red_mids": "0",
      "red_blacks": "119",
      "red_whites": "23",
      "green_greys": "119",
      "green_mids": "0",
      "green_blacks": "119",
      "green_whites": "23",
      "blue_greys": "119",
      "blue_mids": "0",
      "blue_blacks": "119",
      "blue_whites": "23",
      "contrast": "0",
      "brightness": "7",
      "saturation": "119"
    },
    {
      "name": "sordna",
      "kcal": "255 250 243",
      "red_greys": "0",
      "red_mids": "119",
      "red_blacks": "119",
      "red_whites": "23",
      "green_greys": "0",
      "green_mids": "119",
      "green_blacks": "119",
      "green_whites": "23",
      "blue_greys": "0",
      "blue_mids": "119",
      "blue_blacks": "119",
      "blue_whites": "23",
      "contrast": "0",
      "brightness": "7",
      "saturation": "119"
    },
    {
      "name": "sordna",
      "kcal": "255 248 240",
      "red_greys": "0",
      "red_mids": "119",
      "red_blacks": "119",
      "red_whites": "7",
      "green_greys": "0",
      "green_mids": "119",
      "green_blacks": "119",
      "green_whites": "7",
      "blue_greys": "0",
      "blue_mids": "119",
      "blue_blacks": "119",
      "blue_whites": "7",
      "contrast": "0",
      "brightness": "7",
      "saturation": "119"
    },
    {
      "name": "defffizz",
      "kcal": "230 220 215",
      "red_greys": "3",
      "red_mids": "71",
      "red_blacks": "119",
      "red_whites": "3",
      "green_greys": "3",
      "green_mids": "71",
      "green_blacks": "119",
      "green_whites": "3",
      "blue_greys": "3",
      "blue_mids": "71",
      "blue_blacks": "119",
      "blue_whites": "3",
      "contrast": "0",
      "brightness": "8",
      "saturation": "23"
    },
    {
      "name": "icyeye",
      "kcal": "249 249 255",
      "red_greys": "0",
      "red_mids": "119",
      "red_blacks": "119",
      "red_whites": "7",
      "green_greys": "0",
      "green_mids": "119",
      "green_blacks": "119",
      "green_whites": "7",
      "blue_greys": "0",
      "blue_mids": "119",
      "blue_blacks": "119",
      "blue_whites": "7",
      "contrast": "31",
      "brightness": "0",
      "saturation": "2"
    },
    {
      "name": "Mavasilisk",
      "kcal": "255 255 255",
      "red_greys": "0",
      "red_mids": "119",
      "red_blacks": "119",
      "red_whites": "119",
      "green_greys": "0",
      "green_mids": "119",
      "green_blacks": "119",
      "green_whites": "119",
      "blue_greys": "0",
      "blue_mids": "119",
      "blue_blacks": "119",
      "blue_whites": "119",
      "contrast": "6",
      "brightness": "0",
      "saturation": "119"
    },
    {
      "name": "mkmck",
      "kcal": "255 241 225",
      "red_greys": "0",
      "red_mids": "87",
      "red_blacks": "119",
      "red_whites": "2",
      "green_greys": "0",
      "green_mids": "87",
      "green_blacks": "119",
      "green_whites": "2",
      "blue_greys": "0",
      "blue_mids": "87",
      "blue_blacks": "119",
      "blue_whites": "1",
      "contrast": "0",
      "brightness": "0",
      "saturation": "3"
    },
    {
      "name": "Swords.Grizzlebee",
      "kcal": "255 255 255",
      "red_greys": "0",
      "red_mids": "33",
      "red_blacks": "70",
      "red_whites": "16",
      "green_greys": "0",
      "green_mids": "33",
      "green_blacks": "70",
      "green_whites": "16",
      "blue_greys": "0",
      "blue_mids": "17",
      "blue_blacks": "70",
      "blue_whites": "16",
      "contrast": "0",
      "brightness": "3",
      "saturation": "67"
    }
  ],
  "dsi_panel": [
    {
      "name": "Banged Up",
      "blue_negative": "36 44 52 61 68 80 90 97 104 112 121 129 116 106 95 85 74 64 53 43 32 22 11",
      "blue_positive": "36 44 52 61 68 80 90 97 104 112 121 129 116 106 95 85 74 64 53 43 32 22 11",
      "green_negative": "26 34 42 52 61 73 86 93 102 113 122 132 113 103 93 83 72 62 52 42 31 21 11",
      "green_positive": "26 34 42 52 61 73 86 93 102 113 122 132 113 103 93 83 72 62 52 42 31 21 11",
      "red_negative": "0 1 3 16 32 48 66 79 90 106 120 133 113 102 92 82 72 62 52 41 31 21 11",
      "red_positive": "0 1 3 16 32 48 66 79 90 106 120 133 113 102 92 82 72 62 52 41 31 21 11",
      "white_point": "32"
    },
    {
      "name": "Bashv25DT22!",
      "blue_negative": "36 44 52 61 68 80 90 97 104 114 121 129 116 106 95 85 74 64 53 43 32 22 11",
      "blue_positive": "36 44 52 61 68 80 90 97 104 114 121 129 116 106 95 85 74 64 53 43 32 22 11",
      "green_negative": "30 34 42 52 61 73 86 93 102 121 122 132 113 103 93 83 72 62 52 42 31 21 11",
      "green_positive": "30 34 42 52 61 73 86 93 102 121 122 132 113 103 93 83 72 62 52 42 31 21 11",
      "red_negative": "0 1 3 16 32 48 66 79 90 106 120 133 113 102 92 82 72 62 52 41 31 21 11",
      "red_positive": "0 1 3 16 32 48 66 79 90 106 120 133 113 102 92 82 72 62 52 41 31 21 11",
      "white_point": "32"
    },
    {
      "name": "Batfink",
      "blue_negative": "76 77 79 81 84 86 91 99 101 111 116 121 135 131 125 114 99 86 76 67 55 48 35",
      "blue_positive": "76 77 79 81 84 86 91 99 101 111 116 121 135 131 125 114 99 86 76 67 55 48 35",
      "green_negative": "71 73 75 78 81 84 90 100 105 117 124 130 121 117 111 100 85 73 64 58 50 37 21",
      "green_positive": "71 73 75 78 81 84 90 100 105 117 124 130 121 117 111 100 85 73 64 58 50 37 21",
      "red_negative": "0 10 17 27 37 45 56 72 83 101 112 121 128 123 117 106 91 78 68 62 53 38 22",
      "red_positive": "0 10 17 27 37 45 56 72 83 101 112 121 128 123 117 106 91 78 68 62 53 38 22",
      "white_point": "32"
    },
    {
      "name": "Bear Perfect",
      "blue_negative": "0 12 19 30 39 48 56 72 83 107 118 126 121 114 109 102 93 73 63 54 40 33 20",
      "blue_positive": "0 12 19 30 39 48 56 72 83 107 118 130 121 115 114 102 82 76 63 54 40 33 20",
      "green_negative": "0 12 19 30 39 54 61 78 84 112 123 132 117 110 108 97 90 71 61 52 45 37 21",
      "green_positive": "0 12 19 30 39 54 61 78 84 112 121 130 119 112 107 99 76 72 57 50 45 37 21",
      "red_negative": "0 12 19 30 39 48 56 72 83 100 121 126 119 112 107 99 91 71 63 53 44 36 22",
      "red_positive": "0 12 19 30 39 48 56 72 83 100 121 134 119 113 110 98 78 72 59 50 44 36 22",
      "white_point": "32"
    },
    {
      "name": "Ben36",
      "blue_negative": "0 12 17 28 35 41 53 69 80 104 118 126 122 115 110 102 93 73 63 54 40 33 20",
      "blue_positive": "0 12 17 28 35 41 53 69 80 104 118 130 122 116 112 102 82 76 63 54 40 33 20",
      "green_negative": "0 12 23 35 41 54 61 78 89 110 125 134 115 111 106 95 83 68 62 52 44 34 20",
      "green_positive": "0 12 23 33 41 54 61 78 89 110 125 133 119 110 105 98 85 72 60 51 44 34 20",
      "red_negative": "0 12 19 30 39 48 56 72 83 103 121 130 120 113 108 101 93 74 65 55 46 38 23",
      "red_positive": "0 12 19 30 39 48 56 72 83 103 121 130 120 114 111 100 80 74 61 52 46 38 23",
      "white_point": "32"
    },
    {
      "name": "Brads V1",
      "blue_negative": "95 91 93 95 98 100 105 114 116 122 131 135 117 112 106 92 75 65 56 48 36 29 16",
      "blue_positive": "95 91 93 95 98 100 105 114 116 122 131 135 117 112 106 92 75 65 56 48 36 29 16",
      "green_negative": "85 85 86 88 91 94 101 111 115 123 132 136 115 111 106 94 78 69 63 57 49 36 20",
      "green_positive": "85 85 86 88 91 94 101 111 115 123 132 136 115 111 106 94 78 69 63 57 49 36 20",
      "red_negative": "2 10 17 27 37 45 57 75 86 91 117 125 125 119 113 100 85 75 67 61 52 37 21",
      "red_positive": "2 10 17 27 37 45 57 75 86 91 117 125 125 119 113 100 85 75 67 61 52 37 21",
      "white_point": "29"
    },
    {
      "name": "Brads V2",
      "blue_negative": "87 91 93 95 98 100 105 114 116 127 131 135 117 112 106 92 75 65 56 48 36 29 16",
      "blue_positive": "87 91 93 95 98 100 105 114 116 127 131 135 117 112 106 92 75 65 56 48 36 29 16",
      "green_negative": "84 85 86 88 91 94 101 111 115 129 132 136 115 111 106 94 78 69 63 57 49 36 20",
      "green_positive": "84 85 86 88 91 94 101 111 115 129 132 136 115 111 106 94 78 69 63 57 49 36 20",
      "red_negative": "0 10 17 27 37 45 57 75 86 113 117 125 125 119 113 100 85 75 67 61 52 37 21",
      "red_positive": "0 10 17 27 37 45 57 75 86 113 117 125 125 119 113 100 85 75 67 61 52 37 21",
      "white_point": "32"
    },
    {
      "name": "Dbolot",
      "blue_negative": "88 87 89 91 94 96 101 109 111 120 126 131 120 116 110 99 84 71 61 52 40 33 20",
      "blue_positive": "88 87 89 91 94 96 101 109 111 120 126 131 120 116 110 99 84 71 61 52 40 33 20",
      "green_negative": "73 73 75 78 81 84 90 100 105 115 124 130 121 117 111 100 85 73 64 58 50 37 21",
      "green_positive": "73 73 75 78 81 84 90 100 105 115 124 130 121 117 111 100 85 73 64 58 50 37 21",
      "red_negative": "5 10 17 27 37 45 56 72 83 100 112 121 128 123 117 106 91 78 68 62 53 38 22",
      "red_positive": "5 10 17 27 37 45 56 72 83 100 112 121 128 123 117 106 91 78 68 62 53 38 22",
      "white_point": "28"
    },
    {
      "name": "Droid@xda",
      "blue_negative": "20 10 17 27 37 45 56 72 83 105 112 121 128 123 117 106 91 78 68 62 53 38 22",
      "blue_positive": "20 10 17 27 37 45 56 72 83 105 112 121 128 123 117 106 91 78 68 62 53 38 22",
      "green_negative": "25 10 17 27 37 45 56 72 83 106 112 121 128 123 117 106 91 78 68 62 53 38 22",
      "green_positive": "25 10 17 27 37 45 56 72 83 106 112 121 128 123 117 106 91 78 68 62 53 38 22",
      "red_negative": "5 10 17 27 37 45 56 72 83 102 112 121 128 123 117 106 91 78 68 62 53 38 22",
      "red_positive": "5 10 17 27 37 45 56 72 83 102 112 121 128 123 117 106 91 78 68 62 53 38 22",
      "white_point": "28"
    },
    {
      "name": "Fluidification V2.2",
      "blue_negative": "94 91 93 95 98 100 105 114 116 131 131 135 117 112 106 92 75 65 56 48 36 29 16",
      "blue_positive": "94 91 93 95 98 100 105 114 116 131 131 135 117 112 106 92 75 65 56 48 36 29 16",
      "green_negative": "84 85 86 88 91 94 101 111 115 130 132 136 115 111 106 94 78 69 63 57 49 36 20",
      "green_positive": "84 85 86 88 91 94 101 111 115 130 132 136 115 111 106 94 78 69 63 57 49 36 20",
      "red_negative": "17 10 17 27 37 45 57 75 86 116 117 125 125 119 113 100 85 75 67 61 52 37 21",
      "red_positive": "17 10 17 27 37 45 57 75 86 116 117 125 125 119 113 100 85 75 67 61 52 37 21",
      "white_point": "32"
    },
    {
      "name": "Fluidification V3",
      "blue_negative": "94 91 93 95 98 100 105 114 116 131 131 135 117 112 106 92 75 65 56 48 36 29 16",
      "blue_positive": "94 91 93 95 98 100 105 114 116 131 131 135 117 112 106 92 75 65 56 48 36 29 16",
      "green_negative": "68 85 86 88 91 94 101 111 115 115 132 136 115 111 106 94 78 69 63 57 49 36 20",
      "green_positive": "68 85 86 88 91 94 101 111 115 115 132 136 115 111 106 94 78 69 63 57 49 36 20",
      "red_negative": "17 10 17 27 37 45 57 75 86 106 117 125 125 119 113 100 85 75 67 61 52 37 21",
      "red_positive": "17 10 17 27 37 45 57 75 86 106 117 125 125 119 113 100 85 75 67 61 52 37 21",
      "white_point": "30"
    },
    {
      "name": "Fluidification V4",
      "blue_negative": "94 91 93 95 98 100 105 114 116 131 131 135 117 112 106 92 75 65 56 48 36 29 16",
      "blue_positive": "94 91 93 95 98 100 105 114 116 131 131 135 117 112 106 92 75 65 56 48 36 29 16",
      "green_negative": "80 85 86 88 91 94 101 111 115 130 132 136 115 111 106 94 78 69 63 57 49 36 20",
      "green_positive": "80 85 86 88 91 94 101 111 115 130 132 136 115 111 106 94 78 69 63 57 49 36 20",
      "red_negative": "17 10 17 27 37 45 57 75 86 116 117 125 125 119 113 100 85 75 67 61 52 37 21",
      "red_positive": "17 10 17 27 37 45 57 75 86 116 117 125 125 119 113 100 85 75 67 61 52 37 21",
      "white_point": "32"
    },
    {
      "name": "Gamerman123x V1",
      "blue_negative": "0 10 17 27 37 45 56 72 83 105 112 121 128 123 117 106 91 78 68 62 53 38 22",
      "blue_positive": "0 10 17 27 37 45 56 72 83 107 112 121 128 123 117 106 91 78 68 62 53 38 22",
      "green_negative": "0 10 17 27 37 45 56 72 83 105 112 121 128 123 117 106 91 78 68 62 53 38 22",
      "green_positive": "0 10 17 27 37 45 56 72 83 107 112 121 128 123 117 106 91 78 68 62 53 38 22",
      "red_negative": "0 10 17 27 37 45 56 72 83 105 112 121 128 123 117 106 91 78 68 62 53 38 22",
      "red_positive": "0 10 17 27 37 45 56 72 83 107 112 121 128 123 117 106 91 78 68 62 53 38 22",
      "white_point": "29"
    },
    {
      "name": "Gamerman123x V2",
      "blue_negative": "2 11 22 33 44 55 67 78 89 97 111 122 122 111 100 89 78 67 55 44 33 22 11",
      "blue_positive": "4 11 22 33 44 55 67 78 89 96 111 122 122 111 100 89 78 67 55 44 33 22 11",
      "green_negative": "4 11 22 33 44 55 67 78 89 97 111 122 122 111 100 89 78 67 55 44 33 22 11",
      "green_positive": "2 11 22 33 44 55 67 78 89 98 111 122 122 111 100 89 78 67 55 44 33 22 11",
      "red_negative": "0 11 22 33 44 55 67 78 89 97 111 122 122 111 100 89 78 67 55 44 33 22 11",
      "red_positive": "0 11 22 33 44 55 67 78 89 98 111 122 122 111 100 89 78 67 55 44 33 22 11",
      "white_point": "28"
    },
    {
      "name": "Helloo Saturated Colors",
      "blue_negative": "89 91 93 95 98 100 105 114 116 124 131 135 117 112 106 92 75 65 56 48 36 29 16",
      "blue_positive": "89 91 93 95 98 100 105 114 116 124 131 135 117 112 106 92 75 65 56 48 36 29 16",
      "green_negative": "83 85 86 88 91 94 101 111 115 124 132 136 115 111 106 94 78 69 63 57 49 36 20",
      "green_positive": "83 85 86 88 91 94 101 111 115 124 132 136 115 111 106 94 78 69 63 57 49 36 20",
      "red_negative": "0 10 17 27 37 45 57 75 86 104 117 125 125 119 113 100 85 75 67 61 52 37 21",
      "red_positive": "0 10 17 27 37 45 57 75 86 104 117 125 125 119 113 100 85 75 67 61 52 37 21",
      "white_point": "22"
    },
    {
      "name": "I Are Kyle W00t V1",
      "blue_negative": "92 91 93 95 98 100 105 114 116 128 131 135 117 112 106 92 75 65 56 48 36 29 16",
      "blue_positive": "92 91 93 95 98 100 105 114 116 128 131 135 117 112 106 92 75 65 56 48 36 29 16",
      "green_negative": "86 85 86 88 91 94 101 111 115 127 132 136 115 111 106 94 78 69 63 57 49 36 20",
      "green_positive": "86 85 86 88 91 94 101 111 115 127 132 136 115 111 106 94 78 69 63 57 49 36 20",
      "red_negative": "14 10 17 27 37 45 57 75 86 104 117 125 125 119 113 100 85 75 67 61 52 37 21",
      "red_positive": "14 10 17 27 37 45 57 75 86 104 117 125 125 119 113 100 85 75 67 61 52 37 21",
      "white_point": "31"
    },
    {
      "name": "I Are Kyle W00t V2",
      "blue_negative": "84 91 93 95 98 100 105 114 116 124 131 135 117 112 106 92 75 65 56 48 36 29 16",
      "blue_positive": "84 91 93 95 98 100 105 114 116 124 131 135 117 112 106 92 75 65 56 48 36 29 16",
      "green_negative": "76 85 86 88 91 94 101 111 115 124 132 136 115 111 106 94 78 69 63 57 49 36 20",
      "green_positive": "76 85 86 88 91 94 101 111 115 124 132 136 115 111 106 94 78 69 63 57 49 36 20",
      "red_negative": "6 10 17 27 37 45 57 75 86 108 117 125 125 119 113 100 85 75 67 61 52 37 21",
      "red_positive": "6 10 17 27 37 45 57 75 86 108 117 125 125 119 113 100 85 75 67 61 52 37 21",
      "white_point": "31"
    },
    {
      "name": "Jetlitheone 2.2 Gamma",
      "blue_negative": "0 12 17 28 35 41 53 69 80 106 118 126 122 115 110 102 93 73 63 54 40 33 20",
      "blue_positive": "0 12 17 28 35 41 53 69 80 106 118 130 122 116 112 102 82 76 63 54 40 33 20",
      "green_negative": "0 12 23 35 41 54 61 78 89 108 125 134 115 111 106 95 83 68 62 52 44 34 20",
      "green_positive": "0 12 23 33 41 54 61 78 89 108 125 133 119 110 105 98 85 72 60 51 44 34 20",
      "red_negative": "0 12 19 30 39 48 56 72 83 111 121 130 120 113 108 101 93 74 65 55 46 38 23",
      "red_positive": "0 12 19 30 39 48 56 72 83 111 121 130 120 114 111 100 80 74 61 52 46 38 23",
      "white_point": "32"
    },
    {
      "name": "Jetlitheone 2.3 Gamma",
      "blue_negative": "0 12 17 28 35 41 53 69 80 103 118 126 122 115 110 102 93 73 63 54 40 33 20",
      "blue_positive": "0 12 17 28 35 41 53 69 80 103 118 130 122 116 112 102 82 76 63 54 40 33 20",
      "green_negative": "0 12 23 35 41 54 61 78 89 110 125 134 115 111 106 95 83 68 62 52 44 34 20",
      "green_positive": "0 12 23 33 41 54 61 78 89 110 125 133 119 110 105 98 85 72 60 51 44 34 20",
      "red_negative": "0 12 19 30 39 48 56 72 83 112 121 130 120 113 108 101 93 74 65 55 46 38 23",
      "red_positive": "0 12 19 30 39 48 56 72 83 112 121 130 120 114 111 100 80 74 61 52 46 38 23",
      "white_point": "32"
    },
    {
      "name": "Joe",
      "blue_negative": "0 12 19 30 39 48 56 72 83 105 118 126 121 114 109 102 93 73 63 54 40 33 20",
      "blue_positive": "0 12 19 30 39 48 56 72 83 105 118 130 121 115 114 102 82 76 63 54 40 33 20",
      "green_negative": "0 12 19 30 39 54 61 78 84 107 123 132 117 110 108 97 90 71 61 52 45 37 21",
      "green_positive": "0 12 19 30 39 54 61 78 84 107 121 130 119 112 107 99 76 72 57 50 45 37 21",
      "red_negative": "0 12 19 30 39 48 56 72 83 105 121 126 119 112 107 99 91 71 63 53 44 36 22",
      "red_positive": "0 12 19 30 39 48 56 72 83 105 121 134 119 113 110 98 78 72 59 50 44 36 22",
      "white_point": "28"
    },
    {
      "name": "Laurentyu",
      "blue_negative": "90 87 89 91 94 96 101 109 111 121 126 131 120 116 110 99 84 71 61 52 40 33 20",
      "blue_positive": "86 87 89 91 94 96 101 109 111 122 126 131 120 116 110 99 84 71 61 52 40 33 20",
      "green_negative": "76 73 75 78 81 84 90 100 105 119 124 130 121 117 111 100 85 73 64 58 50 37 21",
      "green_positive": "77 73 75 78 81 84 90 100 105 119 124 130 121 117 111 100 85 73 64 58 50 37 21",
      "red_negative": "1 10 17 27 37 45 56 72 83 104 112 121 128 123 117 106 91 78 68 62 53 38 22",
      "red_positive": "6 10 17 27 37 45 56 72 83 107 112 121 128 123 117 106 91 78 68 62 53 38 22",
      "white_point": "32"
    },
    {
      "name": "Mag01",
      "blue_negative": "90 91 93 95 98 100 105 114 116 125 131 135 117 112 106 92 75 65 56 48 36 29 16",
      "blue_positive": "90 91 93 95 98 100 105 114 116 125 131 135 117 112 106 92 75 65 56 48 36 29 16",
      "green_negative": "84 85 86 88 91 94 101 111 115 125 132 136 115 111 106 94 78 69 63 57 49 36 20",
      "green_positive": "84 85 86 88 91 94 101 111 115 125 132 136 115 111 106 94 78 69 63 57 49 36 20",
      "red_negative": "0 10 17 27 37 45 57 75 86 104 117 125 125 119 113 100 85 75 67 61 52 37 21",
      "red_positive": "0 10 17 27 37 45 57 75 86 104 117 125 125 119 113 100 85 75 67 61 52 37 21",
      "white_point": "32"
    },
    {
      "name": "Neriamarillo V1",
      "blue_negative": "89 91 93 95 98 100 105 114 116 124 131 135 117 112 106 92 75 65 56 48 36 29 16",
      "blue_positive": "89 91 93 95 98 100 105 114 116 124 131 135 117 112 106 92 75 65 56 48 36 29 16",
      "green_negative": "83 85 86 88 91 94 101 111 115 124 132 136 115 111 106 94 78 69 63 57 49 36 20",
      "green_positive": "83 85 86 88 91 94 101 111 115 124 132 136 115 111 106 94 78 69 63 57 49 36 20",
      "red_negative": "0 10 17 27 37 45 57 75 86 104 117 125 125 119 113 100 85 75 67 61 52 37 21",
      "red_positive": "0 10 17 27 37 45 57 75 86 104 117 125 125 119 113 100 85 75 67 61 52 37 21",
      "white_point": "32"
    },
    {
      "name": "Neriamarillo V2",
      "blue_negative": "90 91 93 95 98 100 105 114 116 125 131 135 117 112 106 92 75 65 56 48 36 29 16",
      "blue_positive": "90 91 93 95 98 100 105 114 116 125 131 135 117 112 106 92 75 65 56 48 36 29 16",
      "green_negative": "83 85 86 88 91 94 101 111 115 124 132 136 115 111 106 94 78 69 63 57 49 36 20",
      "green_positive": "83 85 86 88 91 94 101 111 115 124 132 136 115 111 106 94 78 69 63 57 49 36 20",
      "red_negative": "0 10 17 27 37 45 57 75 86 102 117 125 125 119 113 100 85 75 67 61 52 37 21",
      "red_positive": "0 10 17 27 37 45 57 75 86 102 117 125 125 119 113 100 85 75 67 61 52 37 21",
      "white_point": "32"
    },
    {
      "name": "Neriamarillo V3",
      "blue_negative": "90 91 93 95 98 100 105 114 116 128 131 135 117 112 106 92 75 65 56 48 36 29 16",
      "blue_positive": "90 91 93 95 98 100 105 114 116 128 131 135 117 112 106 92 75 65 56 48 36 29 16",
      "green_negative": "83 85 86 88 91 94 101 111 115 127 132 136 115 111 106 94 78 69 63 57 49 36 20",
      "green_positive": "83 85 86 88 91 94 101 111 115 127 132 136 115 111 106 94 78 69 63 57 49 36 20",
      "red_negative": "0 10 17 27 37 45 57 75 86 105 117 125 125 119 113 100 85 75 67 61 52 37 21",
      "red_positive": "0 10 17 27 37 45 57 75 86 105 117 125 125 119 113 100 85 75 67 61 52 37 21",
      "white_point": "32"
    },
    {
      "name": "Peikojose",
      "blue_negative": "1 11 22 33 44 55 67 78 89 97 111 122 122 111 100 89 78 67 55 44 33 22 11",
      "blue_positive": "0 11 22 33 44 55 67 78 89 92 111 122 122 111 100 89 78 67 55 44 33 22 11",
      "green_negative": "0 11 22 33 44 55 67 78 89 100 111 122 122 111 100 89 78 67 55 44 33 22 11",
      "green_positive": "0 11 22 33 44 55 67 78 89 100 111 122 122 111 100 89 78 67 55 44 33 22 11",
      "red_negative": "0 11 22 33 44 55 67 78 89 100 111 122 122 111 100 89 78 67 55 44 33 22 11",
      "red_positive": "0 11 22 33 44 55 67 78 89 100 111 122 122 111 100 89 78 67 55 44 33 22 11",
      "white_point": "29"
    },
    {
      "name": "Perfect2.2",
      "blue_negative": "6 12 19 30 39 48 56 72 83 113 119 126 121 113 106 98 88 73 63 54 40 33 20",
      "blue_positive": "6 12 19 30 39 48 56 72 83 113 119 130 121 113 108 99 88 74 63 54 40 33 20",
      "green_negative": "6 12 19 30 39 48 56 72 83 118 123 131 118 111 105 97 86 73 63 54 45 37 21",
      "green_positive": "6 12 19 30 39 48 56 72 83 118 123 131 118 111 105 98 86 73 63 54 45 37 21",
      "red_negative": "6 12 19 30 39 48 56 72 83 111 122 126 119 113 106 99 88 73 63 53 44 36 22",
      "red_positive": "6 12 19 30 39 48 56 72 83 111 122 134 119 113 106 99 88 72 59 50 44 36 22",
      "white_point": "32"
    },
    {
      "name": "Piereligio True RGB V1",
      "blue_negative": "0 12 19 30 39 48 56 72 83 101 119 126 121 113 106 98 88 73 63 54 40 33 20",
      "blue_positive": "0 12 19 30 39 48 56 72 83 101 119 130 121 113 108 99 88 74 63 54 40 33 20",
      "green_negative": "0 12 19 30 39 48 56 72 83 105 123 131 118 111 105 97 86 73 63 54 45 37 21",
      "green_positive": "0 12 19 30 39 48 56 72 83 105 123 131 118 111 105 98 86 73 63 54 45 37 21",
      "red_negative": "0 12 19 30 39 48 56 72 83 105 122 126 119 113 106 99 88 73 63 53 44 36 22",
      "red_positive": "0 12 19 30 39 48 56 72 83 105 122 134 119 113 106 99 88 72 59 50 44 36 22",
      "white_point": "32"
    },
    {
      "name": "Piereligio True RGB V1.1",
      "blue_negative": "0 12 19 30 39 48 56 72 83 105 119 126 121 113 106 98 88 73 63 54 40 33 20",
      "blue_positive": "0 12 19 30 39 48 56 72 83 105 119 130 121 113 108 99 88 74 63 54 40 33 20",
      "green_negative": "0 12 19 30 39 55 62 77 88 105 123 130 116 111 105 97 86 73 63 54 45 37 21",
      "green_positive": "0 12 19 30 39 55 62 77 88 105 123 130 116 111 105 98 86 73 63 54 45 37 21",
      "red_negative": "0 12 19 30 39 48 56 72 83 105 122 126 119 113 106 99 88 73 63 53 44 36 22",
      "red_positive": "0 12 19 30 39 48 56 72 83 105 122 134 119 113 106 99 88 72 59 50 44 36 22",
      "white_point": "32"
    },
    {
      "name": "Piereligio True RGB V2",
      "blue_negative": "0 12 19 30 39 48 56 72 83 105 118 126 121 114 109 102 93 73 63 54 40 33 20",
      "blue_positive": "0 12 19 30 39 48 56 72 83 105 118 130 121 115 114 102 82 76 63 54 40 33 20",
      "green_negative": "0 12 19 30 39 54 61 78 84 107 123 132 117 110 108 97 90 71 61 52 45 37 21",
      "green_positive": "0 12 19 30 39 54 61 78 84 107 121 130 119 112 107 99 76 72 57 50 45 37 21",
      "red_negative": "0 12 19 30 39 48 56 72 83 105 121 126 119 112 107 99 91 71 63 53 44 36 22",
      "red_positive": "0 12 19 30 39 48 56 72 83 105 121 134 119 113 110 98 78 72 59 50 44 36 22",
      "white_point": "32"
    },
    {
      "name": "Piereligio True RGB V3",
      "blue_negative": "0 12 17 28 35 41 53 69 80 103 118 126 122 115 110 102 93 73 63 54 40 33 20",
      "blue_positive": "0 12 17 28 35 41 53 69 80 103 118 130 122 116 112 102 82 76 63 54 40 33 20",
      "green_negative": "0 12 23 35 41 54 61 78 89 110 125 134 115 111 106 95 83 68 62 52 44 34 20",
      "green_positive": "0 12 23 33 41 54 61 78 89 110 125 133 118 108 103 96 83 70 58 51 44 34 20",
      "red_negative": "0 12 19 30 39 48 56 72 83 105 121 130 120 113 108 101 93 74 65 55 46 38 23",
      "red_positive": "0 12 19 30 39 48 56 72 83 105 121 130 120 114 111 100 80 74 61 52 46 38 23",
      "white_point": "32"
    },
    {
      "name": "Piereligio True RGB V3.1",
      "blue_negative": "0 12 17 28 35 41 53 69 80 103 118 126 122 115 110 102 93 73 63 54 40 33 20",
      "blue_positive": "0 12 17 28 35 41 53 69 80 103 118 130 122 116 112 102 82 76 63 54 40 33 20",
      "green_negative": "0 12 23 35 41 54 61 78 89 110 125 134 115 111 106 95 83 68 62 52 44 34 20",
      "green_positive": "0 12 23 33 41 54 61 78 89 110 125 133 119 110 105 98 85 72 60 51 44 34 20",
      "red_negative": "0 12 19 30 39 48 56 72 83 105 121 130 120 113 108 101 93 74 65 55 46 38 23",
      "red_positive": "0 12 19 30 39 48 56 72 83 105 121 130 120 114 111 100 80 74 61 52 46 38 23",
      "white_point": "33"
    },
    {
      "name": "Piereligio True RGB V4",
      "blue_negative": "0 12 19 30 39 48 56 72 83 105 118 126 121 114 109 102 93 73 63 54 40 33 20",
      "blue_positive": "0 12 19 30 39 48 56 72 83 105 118 130 121 115 114 102 82 76 63 54 40 33 20",
      "green_negative": "0 12 19 30 39 54 61 81 89 109 123 133 116 109 106 95 86 69 61 52 45 37 21",
      "green_positive": "0 12 19 30 39 54 61 78 84 107 121 130 119 112 107 99 76 72 57 50 45 37 21",
      "red_negative": "0 12 19 30 39 48 56 72 83 105 119 127 120 112 107 99 91 71 63 53 44 36 22",
      "red_positive": "0 12 19 30 39 48 56 72 83 105 121 134 119 113 110 98 78 72 59 50 44 36 22",
      "white_point": "33"
    },
    {
      "name": "Piereligio True RGB V4.1",
      "blue_negative": "0 12 19 30 39 48 56 72 83 105 118 126 121 112 104 102 93 73 63 54 40 33 20",
      "blue_positive": "0 12 19 30 39 48 56 72 83 105 118 130 121 115 111 102 82 76 63 54 40 33 20",
      "green_negative": "0 12 19 30 39 54 61 81 89 109 123 133 116 109 103 95 86 69 61 52 45 37 21",
      "green_positive": "0 12 19 30 39 54 61 78 84 107 121 130 119 112 104 99 76 72 57 50 45 37 21",
      "red_negative": "0 12 19 30 39 48 56 72 83 105 119 127 120 112 105 99 91 71 63 53 44 36 22",
      "red_positive": "0 12 19 30 39 48 56 72 83 105 121 134 119 113 108 98 78 72 59 50 44 36 22",
      "white_point": "33"
    },
    {
      "name": "Piereligio True RGB V5",
      "blue_negative": "0 12 19 30 39 48 56 72 83 105 118 126 121 115 109 105 96 74 63 54 40 33 20",
      "blue_positive": "0 12 19 30 39 48 56 72 83 105 118 130 121 116 115 102 84 76 63 54 40 33 20",
      "green_negative": "0 12 19 30 39 54 61 81 89 109 123 136 115 108 100 95 82 68 59 52 45 37 21",
      "green_positive": "0 12 19 30 39 54 61 78 84 107 121 130 119 111 111 97 85 72 57 50 45 37 21",
      "red_negative": "0 12 19 30 39 48 56 72 83 105 119 127 120 112 105 100 92 71 64 56 48 40 25",
      "red_positive": "0 12 19 30 39 48 56 72 83 105 121 134 119 113 113 98 78 72 59 50 44 36 22",
      "white_point": "33"
    },
    {
      "name": "Piereligio True RGB V5.5",
      "blue_negative": "0 12 19 30 39 48 56 72 83 105 118 126 122 117 118 110 96 79 63 54 40 33 20",
      "blue_positive": "0 12 19 30 39 48 56 72 83 105 118 130 122 118 119 110 96 79 63 54 40 33 20",
      "green_negative": "0 12 20 31 40 55 62 76 89 109 123 131 118 113 114 106 91 76 62 54 45 37 21",
      "green_positive": "0 12 20 31 40 55 62 79 84 109 123 133 118 113 115 106 93 76 60 54 45 37 21",
      "red_negative": "0 12 19 30 39 48 56 72 83 105 119 129 121 114 116 108 95 79 66 56 48 40 25",
      "red_positive": "0 12 19 30 39 48 56 72 83 105 121 129 120 116 117 109 94 80 61 53 44 36 22",
      "white_point": "33"
    },
    {
      "name": "Piereligio True RGB V6",
      "blue_negative": "0 12 19 30 39 48 56 72 83 105 118 127 120 115 115 106 94 77 63 54 40 33 20",
      "blue_positive": "0 12 19 30 39 48 56 72 83 105 118 131 119 116 114 106 92 77 63 54 40 33 20",
      "green_negative": "0 12 20 31 40 55 62 76 89 109 123 132 115 113 111 100 90 74 62 54 45 37 21",
      "green_positive": "0 12 20 31 40 55 62 79 84 109 123 134 116 111 110 101 89 75 60 54 45 37 21",
      "red_negative": "0 12 19 30 39 48 56 72 83 105 119 130 119 114 114 105 95 77 66 56 48 40 25",
      "red_positive": "0 12 19 30 39 48 56 72 83 105 121 130 117 115 113 106 91 78 61 53 44 36 22",
      "white_point": "32"
    },
    {
      "name": "Piereligio True RGB V6.6",
      "blue_negative": "0 12 19 30 39 48 56 72 82 104 118 127 120 115 115 106 90 80 68 60 44 35 20",
      "blue_positive": "0 12 19 30 39 48 56 72 82 104 118 131 119 116 115 106 100 80 68 60 44 35 20",
      "green_negative": "0 12 20 31 40 55 62 76 89 109 123 132 115 111 111 102 80 76 67 58 49 39 21",
      "green_positive": "0 12 20 31 40 55 62 79 84 109 123 134 115 111 110 101 100 79 65 58 49 39 21",
      "red_negative": "0 12 19 30 39 48 56 72 83 105 119 130 119 114 115 105 90 80 71 62 52 42 25",
      "red_positive": "0 12 19 30 39 48 56 72 83 105 121 130 117 115 114 106 100 80 66 60 48 38 22",
      "white_point": "32"
    },
    {
      "name": "Pretoriano80",
      "blue_negative": "15 10 17 27 37 45 56 72 83 96 112 121 128 123 117 106 91 78 68 62 53 38 22",
      "blue_positive": "15 10 17 27 37 45 56 72 83 96 112 121 128 123 117 106 91 78 68 62 53 38 22",
      "green_negative": "0 10 17 27 37 45 56 72 83 100 112 121 128 123 117 106 91 78 68 62 53 38 22",
      "green_positive": "0 10 17 27 37 45 56 72 83 100 112 121 128 123 117 106 91 78 68 62 53 38 22",
      "red_negative": "5 10 17 27 37 45 56 72 83 102 112 121 128 123 117 106 91 78 68 62 53 38 22",
      "red_positive": "5 10 17 27 37 45 56 72 83 102 112 121 128 123 117 106 91 78 68 62 53 38 22",
      "white_point": "29"
    },
    {
      "name": "Raenmor",
      "blue_negative": "0 10 17 27 37 45 56 72 83 101 112 121 128 123 117 106 91 78 68 62 53 38 22",
      "blue_positive": "0 10 17 27 37 45 56 72 83 101 112 121 128 123 117 106 91 78 68 62 53 38 22",
      "green_negative": "0 10 17 27 37 45 56 72 83 101 112 121 128 123 117 106 91 78 68 62 53 38 22",
      "green_positive": "0 10 17 27 37 45 56 72 83 101 112 121 128 123 117 106 91 78 68 62 53 38 22",
      "red_negative": "0 10 17 27 37 45 56 72 83 101 112 121 128 123 117 106 91 78 68 62 53 38 22",
      "red_positive": "0 10 17 27 37 45 56 72 83 101 112 121 128 123 117 106 91 78 68 62 53 38 22",
      "white_point": "28"
    },
    {
      "name": "Rajenedra82",
      "blue_negative": "89 90 92 95 98 100 105 113 115 125 130 135 117 115 110 100 87 75 63 53 39 31 16",
      "blue_positive": "89 90 92 95 98 100 105 113 115 125 130 135 117 115 110 100 87 75 63 53 39 31 16",
      "green_negative": "83 85 86 89 91 94 99 109 113 124 131 136 117 115 111 101 88 78 68 61 51 37 20",
      "green_positive": "83 85 86 89 91 94 99 109 113 124 131 136 117 115 111 101 88 78 68 61 51 37 20",
      "red_negative": "0 10 17 27 37 45 57 73 85 104 115 125 124 119 114 103 88 75 65 60 51 37 21",
      "red_positive": "0 10 17 27 37 45 57 73 85 104 115 125 124 119 114 103 88 75 65 60 51 37 21",
      "white_point": "32"
    },
    {
      "name": "Rhamej",
      "blue_negative": "0 10 17 27 37 45 56 72 83 92 112 121 128 123 117 106 91 78 68 62 53 38 22",
      "blue_positive": "0 10 17 27 37 45 56 72 83 92 112 121 128 123 117 106 91 78 68 62 53 38 22",
      "green_negative": "0 10 17 27 37 45 56 72 83 105 112 121 128 123 117 106 91 78 68 62 53 38 22",
      "green_positive": "0 10 17 27 37 45 56 72 83 107 112 121 128 123 117 106 91 78 68 62 53 38 22",
      "red_negative": "0 10 17 27 37 45 56 72 83 105 112 121 128 123 117 106 91 78 68 62 53 38 22",
      "red_positive": "0 10 17 27 37 45 56 72 83 107 112 121 128 123 117 106 91 78 68 62 53 38 22",
      "white_point": "28"
    },
    {
      "name": "Rhamej V2",
      "blue_negative": "0 12 19 30 39 48 56 72 83 101 118 126 121 112 107 102 93 73 63 54 40 33 20",
      "blue_positive": "0 12 19 30 39 48 56 72 83 101 118 130 121 115 114 102 82 76 63 54 40 33 20",
      "green_negative": "0 12 19 30 39 54 61 81 89 106 123 133 116 109 106 95 86 69 61 52 45 37 21",
      "green_positive": "0 12 19 30 39 54 61 78 84 106 121 130 119 112 107 99 76 72 57 50 45 37 21",
      "red_negative": "0 12 19 30 39 48 56 72 83 108 119 127 120 112 107 99 91 71 63 53 44 36 22",
      "red_positive": "0 12 19 30 39 48 56 72 83 108 121 134 119 113 110 98 78 72 59 50 44 36 22",
      "white_point": "32"
    },
    {
      "name": "Sammy V4",
      "blue_negative": "0 12 23 34 45 57 68 79 90 102 112 124 121 110 99 89 78 67 57 47 33 20 6",
      "blue_positive": "0 12 23 34 45 57 68 79 90 102 112 124 121 110 99 89 78 67 57 47 33 20 6",
      "green_negative": "0 12 24 36 47 59 70 82 93 105 116 127 117 106 95 85 74 63 53 44 31 19 6",
      "green_positive": "0 12 24 36 47 59 70 82 93 105 116 127 117 106 95 85 74 63 53 44 31 19 6",
      "red_negative": "0 12 24 36 48 59 71 82 94 106 117 128 116 105 94 84 73 62 52 43 31 18 6",
      "red_positive": "0 12 24 36 48 59 71 82 94 106 117 128 116 105 94 84 73 62 52 43 31 18 6",
      "white_point": "32"
    },
    {
      "name": "Sanity V2",
      "blue_negative": "0 13 25 38 50 62 74 86 98 110 121 133 111 100 89 79 68 58 48 39 28 17 6",
      "blue_positive": "0 13 25 38 50 62 74 86 98 110 121 133 111 100 89 79 68 58 48 39 28 17 6",
      "green_negative": "0 13 25 38 50 62 74 86 98 110 121 133 111 100 89 79 68 58 48 39 28 17 6",
      "green_positive": "0 13 25 38 50 62 74 86 98 110 121 133 111 100 89 79 68 58 48 39 28 17 6",
      "red_negative": "0 13 25 38 50 62 74 86 98 110 121 133 111 100 89 79 68 58 48 39 28 17 6",
      "red_positive": "0 13 25 38 50 62 74 86 98 110 121 133 111 100 89 79 68 58 48 39 28 17 6",
      "white_point": "32"
    },
    {
      "name": "Semi V4",
      "blue_negative": "43 51 58 65 72 80 87 94 102 111 118 127 121 111 101 91 81 71 63 55 43 32 20",
      "blue_positive": "43 51 58 65 72 80 87 94 102 111 118 127 121 111 101 91 81 71 63 55 43 32 20",
      "green_negative": "35 44 52 61 68 76 83 91 101 111 120 129 117 108 98 90 80 71 62 54 43 32 21",
      "green_positive": "35 44 52 61 68 76 83 91 101 111 120 129 117 108 98 90 80 71 62 54 43 32 21",
      "red_negative": "0 12 24 37 49 59 71 82 96 108 118 129 114 104 95 87 78 70 60 52 42 32 22",
      "red_positive": "0 12 24 37 49 59 71 82 96 108 118 129 114 104 95 87 78 70 60 52 42 32 22",
      "white_point": "32"
    },
    {
      "name": "Son Of Sammy V4",
      "blue_negative": "0 12 23 34 45 57 68 79 90 102 112 124 121 111 101 91 81 71 63 55 43 32 20",
      "blue_positive": "0 12 23 34 45 57 68 79 90 102 112 124 121 111 101 91 81 71 63 55 43 32 20",
      "green_negative": "0 12 24 37 48 60 71 83 94 106 117 127 117 108 98 90 80 71 62 54 43 32 21",
      "green_positive": "0 12 24 37 48 60 71 83 94 106 117 127 117 108 98 90 80 71 62 54 43 32 21",
      "red_negative": "0 12 25 37 50 61 73 85 96 107 116 126 118 109 100 92 83 74 64 56 45 33 22",
      "red_positive": "0 12 25 37 50 61 73 85 96 107 116 126 118 109 100 92 83 74 64 56 45 33 22",
      "white_point": "32"
    },
    {
      "name": "Spoorthy4",
      "blue_negative": "0 12 19 30 39 48 56 72 83 103 118 126 121 112 104 102 93 73 63 54 40 33 20",
      "blue_positive": "0 12 19 30 39 48 56 72 83 103 118 130 121 115 111 102 82 76 63 54 40 33 20",
      "green_negative": "0 12 19 30 39 54 61 81 89 107 123 133 116 109 103 95 86 69 61 52 45 37 21",
      "green_positive": "0 12 19 30 39 54 61 78 84 105 121 130 119 112 104 99 76 72 57 50 45 37 21",
      "red_negative": "0 12 19 30 39 48 56 72 83 104 119 127 120 112 105 99 91 71 63 53 44 36 22",
      "red_positive": "0 12 19 30 39 48 56 72 83 104 121 134 119 113 108 98 78 72 59 50 44 36 22",
      "white_point": "32"
    },
    {
      "name": "Stock",
      "blue_negative": "86 87 89 91 94 96 101 109 111 121 126 131 120 116 110 99 84 71 61 52 40 33 20",
      "blue_positive": "86 87 89 91 94 96 101 109 111 121 126 131 120 116 110 99 84 71 61 52 40 33 20",
      "green_negative": "71 73 75 78 81 84 90 100 105 117 124 130 121 117 111 100 85 73 64 58 50 37 21",
      "green_positive": "71 73 75 78 81 84 90 100 105 117 124 130 121 117 111 100 85 73 64 58 50 37 21",
      "red_negative": "0 10 17 27 37 45 56 72 83 101 112 121 128 123 117 106 91 78 68 62 53 38 22",
      "red_positive": "0 10 17 27 37 45 56 72 83 101 112 121 128 123 117 106 91 78 68 62 53 38 22",
      "white_point": "32"
    },
    {
      "name": "TGM WP31 V1",
      "blue_negative": "0 12 23 34 45 57 68 79 90 100 112 124 121 111 101 91 81 71 63 55 43 32 20",
      "blue_positive": "0 12 23 34 45 57 68 79 90 100 112 124 121 111 101 91 81 71 63 55 43 32 20",
      "green_negative": "0 12 24 37 48 60 71 83 94 101 117 127 117 108 98 90 80 71 62 54 43 32 21",
      "green_positive": "0 12 24 37 48 60 71 83 94 101 117 127 117 108 98 90 80 71 62 54 43 32 21",
      "red_negative": "0 12 25 37 50 61 73 85 96 110 116 126 118 109 100 92 83 74 64 56 45 33 22",
      "red_positive": "0 12 25 37 50 61 73 85 96 110 116 126 118 109 100 92 83 74 64 56 45 33 22",
      "white_point": "31"
    },
    {
      "name": "TGM WP32 V1",
      "blue_negative": "0 12 23 34 45 57 68 79 90 111 112 124 121 111 101 91 81 71 63 55 43 32 20",
      "blue_positive": "0 12 23 34 45 57 68 79 90 111 112 124 121 111 101 91 81 71 63 55 43 32 20",
      "green_negative": "0 12 24 37 48 60 71 83 94 116 117 127 117 108 98 90 80 71 62 54 43 32 21",
      "green_positive": "0 12 24 37 48 60 71 83 94 116 117 127 117 108 98 90 80 71 62 54 43 32 21",
      "red_negative": "0 12 25 37 50 61 73 85 96 122 116 126 118 109 100 92 83 74 64 56 45 33 22",
      "red_positive": "0 12 25 37 50 61 73 85 96 122 116 126 118 109 100 92 83 74 64 56 45 33 22",
      "white_point": "32"
    },
    {
      "name": "Take 222",
      "blue_negative": "0 12 17 28 35 41 53 69 80 112 118 126 122 115 110 102 93 73 63 54 40 33 20",
      "blue_positive": "0 12 17 28 35 41 53 69 80 112 118 130 122 116 112 102 82 76 63 54 40 33 20",
      "green_negative": "0 12 23 35 41 54 61 78 89 112 125 134 115 111 106 95 83 68 62 52 44 34 20",
      "green_positive": "0 12 23 33 41 54 61 78 89 112 125 133 119 110 105 98 85 72 60 51 44 34 20",
      "red_negative": "0 12 19 30 39 48 56 72 83 112 121 130 120 113 108 101 93 74 65 55 46 38 23",
      "red_positive": "0 12 19 30 39 48 56 72 83 112 121 130 120 114 111 100 80 74 61 52 46 38 23",
      "white_point": "32"
    },
    {
      "name": "Tcat2.2",
      "blue_negative": "0 12 19 30 39 48 56 72 83 100 118 126 121 114 109 102 93 73 63 54 40 33 20",
      "blue_positive": "0 12 19 30 39 48 56 72 83 100 118 130 121 115 114 102 82 76 63 54 40 33 20",
      "green_negative": "0 12 19 30 39 54 61 78 84 104 123 132 117 110 108 97 90 71 61 52 45 37 21",
      "green_positive": "0 12 19 30 39 54 61 78 84 104 121 130 119 112 107 99 76 72 57 50 45 37 21",
      "red_negative": "0 12 19 30 39 48 56 72 83 103 121 126 119 112 107 99 91 71 63 53 44 36 22",
      "red_positive": "0 12 19 30 39 48 56 72 83 103 121 134 119 113 110 98 78 72 59 50 44 36 22",
      "white_point": "32"
    },
    {
      "name": "Tcat Yori3",
      "blue_negative": "85 88 90 93 96 99 104 113 115 118 131 137 114 109 103 92 77 65 55 46 37 28 16",
      "blue_positive": "85 88 90 93 96 99 104 113 115 118 131 137 114 109 103 92 77 65 55 46 37 28 16",
      "green_negative": "73 74 76 80 83 87 93 104 109 122 129 136 115 110 104 93 78 66 58 51 43 31 17",
      "green_positive": "73 74 76 80 83 87 93 104 109 122 129 136 115 110 104 93 78 66 58 51 43 31 17",
      "red_negative": "0 11 19 30 41 50 62 79 90 106 120 129 119 113 107 95 81 68 58 52 43 30 16",
      "red_positive": "0 11 19 30 41 50 62 79 90 106 120 129 119 113 107 95 81 68 58 52 43 30 16",
      "white_point": "32"
    },
    {
      "name": "Testing2",
      "blue_negative": "96 97 99 101 104 106 110 118 120 129 134 138 113 109 103 93 79 67 57 49 40 31 19",
      "blue_positive": "96 97 99 101 104 106 110 118 120 129 134 138 113 109 103 93 79 67 57 49 40 31 19",
      "green_negative": "91 93 95 97 100 103 108 117 122 132 138 144 108 104 99 89 76 65 57 52 45 33 19",
      "green_positive": "91 93 95 97 100 103 108 117 122 132 138 144 108 104 99 89 76 65 57 52 45 33 19",
      "red_negative": "15 25 31 41 50 58 68 83 93 110 121 129 120 116 110 100 86 73 64 58 50 36 21",
      "red_positive": "15 25 31 41 50 58 68 83 93 110 121 129 120 116 110 100 86 73 64 58 50 36 21",
      "white_point": "32"
    },
    {
      "name": "Tjkv",
      "blue_negative": "25 35 43 52 60 70 78 87 97 108 117 128 118 109 100 90 81 72 64 56 45 34 22",
      "blue_positive": "25 35 43 52 60 70 78 87 97 108 117 128 118 109 100 90 81 72 64 56 45 34 22",
      "green_negative": "25 35 45 56 66 76 85 95 104 114 123 131 115 106 96 87 77 68 59 52 41 31 20",
      "green_positive": "25 35 45 56 66 76 85 95 104 114 123 131 115 106 96 87 77 68 59 52 41 31 20",
      "red_negative": "20 30 41 51 63 72 82 92 103 113 122 131 113 104 95 86 77 68 59 52 42 31 21",
      "red_positive": "20 30 41 51 63 72 82 92 103 113 122 131 113 104 95 86 77 68 59 52 42 31 21",
      "white_point": "32"
    },
    {
      "name": "Vitromanof Amoled",
      "blue_negative": "100 101 102 103 104 105 106 110 112 116 121 130 113 102 99 87 80 70 61 53 41 34 21",
      "blue_positive": "100 101 102 103 104 105 106 110 112 116 121 130 113 102 99 87 80 70 61 53 41 34 21",
      "green_negative": "84 85 86 88 91 97 99 101 105 113 116 125 117 106 103 94 83 74 63 53 45 37 18",
      "green_positive": "84 85 86 88 91 97 99 101 105 113 116 125 117 106 103 94 83 74 63 53 45 37 18",
      "red_negative": "0 10 17 27 37 45 47 55 66 82 92 109 130 116 112 102 95 80 77 66 57 42 26",
      "red_positive": "0 10 17 27 37 45 47 55 66 82 92 109 130 116 112 102 95 80 77 66 57 42 26",
      "white_point": "27"
    },
    {
      "name": "Vitromanof IdiaL",
      "blue_negative": "0 36 38 39 40 50 65 80 92 109 121 130 120 112 103 91 70 52 48 43 35 16 12",
      "blue_positive": "0 36 38 39 40 50 65 80 92 109 121 130 120 112 103 91 70 52 48 43 35 16 12",
      "green_negative": "30 49 54 55 56 65 76 95 102 115 124 132 119 113 104 93 73 57 54 45 38 19 14",
      "green_positive": "30 49 54 55 56 65 76 95 102 115 124 132 119 113 104 93 73 57 54 45 38 19 14",
      "red_negative": "35 38 47 48 50 53 71 87 99 110 119 128 121 115 104 93 73 57 54 45 37 18 14",
      "red_positive": "35 38 47 48 50 53 71 87 99 110 119 128 121 115 104 93 73 57 54 45 37 18 14",
      "white_point": "35"
    },
    {
      "name": "Vitromanof Neutral",
      "blue_negative": "71 73 75 78 81 84 90 95 100 112 118 130 120 115 109 95 75 52 48 43 35 16 12",
      "blue_positive": "71 73 75 78 81 84 90 95 100 112 118 130 120 115 109 95 75 52 48 43 35 16 12",
      "green_negative": "71 73 75 78 81 84 90 98 102 115 124 132 119 116 110 96 76 54 54 45 38 19 14",
      "green_positive": "71 73 75 78 81 84 90 98 102 115 124 132 119 116 110 96 76 54 54 45 38 19 14",
      "red_negative": "0 10 17 27 37 45 56 72 83 101 112 123 126 122 116 102 82 57 54 45 37 18 14",
      "red_positive": "0 10 17 27 37 45 56 72 83 101 112 123 126 122 116 102 82 57 54 45 37 18 14",
      "white_point": "33"
    },
    {
      "name": "Yorici Calibrated Alpha",
      "blue_negative": "103 108 111 109 112 115 118 123 124 130 133 136 115 111 104 85 73 58 48 38 28 17 9",
      "blue_positive": "102 108 111 109 113 115 117 123 123 130 133 136 116 112 104 86 73 58 48 37 28 17 8",
      "green_negative": "85 90 94 91 96 97 102 113 116 125 130 134 117 113 106 90 76 58 46 38 30 20 9",
      "green_positive": "85 90 94 91 96 98 101 113 115 125 130 134 117 113 106 90 76 58 50 40 30 20 9",
      "red_negative": "0 13 24 36 44 49 62 76 83 100 114 122 127 121 113 98 78 60 50 40 30 20 9",
      "red_positive": "0 15 20 32 41 50 59 77 90 106 114 122 127 122 114 97 78 60 50 40 30 20 9",
      "white_point": "31"
    },
    {
      "name": "Yorici Calibrated Punch",
      "blue_negative": "0 14 19 33 41 46 60 77 88 105 116 123 125 119 111 95 76 57 41 36 24 15 5",
      "blue_positive": "0 14 18 31 41 47 59 77 88 105 116 125 125 119 111 95 75 56 48 37 26 15 5",
      "green_negative": "0 20 31 43 50 57 67 84 95 111 120 128 122 116 109 93 73 55 41 34 24 10 5",
      "green_positive": "0 20 30 43 50 57 67 85 95 110 121 128 122 116 108 94 74 55 43 35 26 10 5",
      "red_negative": "0 18 23 36 45 54 63 81 91 107 118 126 124 118 110 93 73 56 43 36 25 10 5",
      "red_positive": "0 18 23 36 45 54 63 80 91 107 118 126 124 118 110 94 74 57 43 35 26 10 5",
      "white_point": "31"
    },
    {
      "name": "Yorici V3(Old Uncalibrated)",
      "blue_negative": "86 88 90 93 96 99 104 113 115 126 131 137 114 109 103 92 77 65 55 46 37 28 16",
      "blue_positive": "86 88 90 93 96 99 104 113 115 126 131 137 114 109 103 92 77 65 55 46 37 28 16",
      "green_negative": "71 74 76 80 83 87 93 104 109 122 129 136 115 110 104 93 78 66 58 51 43 31 17",
      "green_positive": "71 74 76 80 83 87 93 104 109 122 129 136 115 110 104 93 78 66 58 51 43 31 17",
      "red_negative": "0 11 19 30 41 50 62 79 90 108 120 129 119 113 107 95 81 68 58 52 43 30 16",
      "red_positive": "0 11 19 30 41 50 62 79 90 108 120 129 119 113 107 95 81 68 58 52 43 30 16",
      "white_point": "32"
    },
    {
      "name": "Zorrich",
      "blue_negative": "25 35 45 55 65 75 85 95 105 110 115 125 125 120 120 90 65 45 30 20 15 10 5",
      "blue_positive": "25 35 45 55 65 75 85 95 105 110 115 125 125 120 120 90 65 45 30 20 15 10 5",
      "green_negative": "25 35 45 55 65 75 85 95 105 115 120 130 120 115 115 85 60 45 30 25 20 15 10",
      "green_positive": "25 35 45 55 65 75 85 95 105 115 120 130 120 115 115 85 60 45 30 25 20 15 10",
      "red_negative": "40 50 60 70 75 80 90 100 110 115 125 130 125 115 115 85 65 50 35 25 20 15 10",
      "red_positive": "40 50 60 70 75 80 90 100 110 115 125 130 125 115 115 85 65 50 35 25 20 15 10",
      "white_point": "32"
    }
  ]
}
