{"images": [{"title":"Barack Obama with Artistic Gymnastic McKayla Maroney","filename":"Barack-Obama-With-Artistic-Gymnastic-McKayla-Maroney-2-(cc0)-300px.jpg","tags":["humans"]},{"title":"Mr. Bean If you know what I mean (cc0)","filename":"Mr-Bean-color-by-Rones-(cc0)-300px.jpg","tags":["humans"]},{"title":"Derpina","filename":"Derpina-300px.png","tags":["rage"]},{"title":"YaoMing","filename":"YaoMing-meme-300px.png","tags":["rage"]}],"fonts":[{"title":"Pressuru","filename":"00_Pressuru.otf"}]}
