{
  "k_gamma": [
    {
      "name": "Google Stock",
      "kcal": "255 255 255",
      "gamma_b": "364 32 35 116 0 31 16 80 51 3",
      "gamma_g": "332 64 68 118 1 0 0 48 32 1",
      "gamma_r": "332 64 68 118 1 0 0 48 32 1"
    },
    {
      "name": "LG Stock",
      "kcal": "255 255 255",
      "gamma_b": "383 114 21 118 0 0 0 80 48 2",
      "gamma_g": "383 114 21 118 0 0 0 80 48 2",
      "gamma_r": "383 114 21 118 0 0 0 80 48 2"
    },
    {
      "name": "Bundi22 iPhone5",
      "kcal": "255 255 255",
      "gamma_b": "168 0 39 119 0 6 0 2 0 2",
      "gamma_g": "168 0 39 119 0 6 0 2 0 2",
      "gamma_r": "168 0 39 119 0 6 0 2 0 2"
    },
    {
      "name": "Faux123 Accurate",
      "kcal": "255 255 255",
      "gamma_b": "167 64 68 118 0 18 6 83 64 2",
      "gamma_g": "167 64 68 118 0 18 6 83 64 2",
      "gamma_r": "151 64 68 118 0 18 6 83 48 2"
    },
    {
      "name": "Faux123 Good",
      "kcal": "178 178 178",
      "gamma_b": "60 0 100 118 0 0 0 48 48 2",
      "gamma_g": "60 0 100 118 0 0 0 48 48 2",
      "gamma_r": "60 0 100 118 0 0 0 48 48 2"
    },
    {
      "name": "Faux123 Nice",
      "kcal": "255 255 255",
      "gamma_b": "152 114 21 118 0 22 3 80 48 2",
      "gamma_g": "149 114 21 118 0 20 2 80 48 2",
      "gamma_r": "140 114 21 118 0 13 0 80 48 2"
    },
    {
      "name": "Faux123 Pop",
      "kcal": "255 255 255",
      "gamma_b": "114 0 112 119 119 31 0 119 119 7",
      "gamma_g": "114 0 112 119 119 31 0 119 119 7",
      "gamma_r": "114 0 112 119 119 31 0 119 119 7"
    },
    {
      "name": "Faux123 Vivid",
      "kcal": "255 255 255",
      "gamma_b": "202 114 81 118 32 31 0 32 48 2",
      "gamma_g": "202 114 81 118 32 31 0 32 48 2",
      "gamma_r": "202 114 81 118 32 31 0 32 48 2"
    },
    {
      "name": "Hospital349",
      "kcal": "250 250 255",
      "gamma_b": "134 0 119 119 0 22 2 119 7 2",
      "gamma_g": "134 0 119 119 0 22 2 119 7 2",
      "gamma_r": "134 0 119 119 0 22 2 119 7 2"
    },
    {
      "name": "KelGhu Gamma22",
      "kcal": "255 255 255",
      "gamma_b": "147 0 0 71 0 3 0 71 0 2",
      "gamma_g": "147 0 0 71 0 3 0 71 0 2",
      "gamma_r": "147 0 0 71 0 3 0 71 0 2"
    },
    {
      "name": "MohitGalaxy3 KelGhu_Mod",
      "kcal": "255 255 255",
      "gamma_b": "158 0 0 70 0 3 0 67 16 2",
      "gamma_g": "158 0 0 70 0 3 0 67 16 2",
      "gamma_r": "158 0 0 70 0 3 0 67 16 2"
    },
    {
      "name": "MohitGalaxy3 Old",
      "kcal": "255 255 255",
      "gamma_b": "161 0 0 70 0 4 2 67 16 2",
      "gamma_g": "161 0 0 70 0 4 2 67 16 2",
      "gamma_r": "161 0 0 70 0 4 2 67 16 2"
    },
    {
      "name": "MohitGalaxy3 NewStock",
      "kcal": "255 255 255",
      "gamma_b": "180 0 17 70 0 5 3 67 16 2",
      "gamma_g": "191 0 33 70 0 0 3 67 16 2",
      "gamma_r": "191 0 33 70 0 0 3 67 16 2"
    },
    {
      "name": "MohitGalaxy3 Nexus5",
      "kcal": "255 255 255",
      "gamma_b": "275 0 0 70 0 20 3 84 96 2",
      "gamma_g": "271 0 0 70 0 16 3 84 96 2",
      "gamma_r": "268 0 0 70 0 16 0 84 96 2"
    },
    {
      "name": "Obsanity Amoled",
      "kcal": "255 255 255",
      "gamma_b": "366 0 119 119 0 0 0 119 7 2",
      "gamma_g": "366 0 119 119 0 0 0 119 7 2",
      "gamma_r": "366 0 119 119 0 0 0 119 7 2"
    },
    {
      "name": "PA Brighter",
      "kcal": "255 255 255",
      "gamma_b": "342 49 21 118 0 31 9 64 48 2",
      "gamma_g": "342 49 21 118 0 31 9 64 48 2",
      "gamma_r": "342 49 21 118 0 31 9 64 48 2"
    },
    {
      "name": "PA Contrast",
      "kcal": "255 255 255",
      "gamma_b": "390 64 68 118 0 26 0 64 48 2",
      "gamma_g": "390 64 68 118 0 26 0 64 48 2",
      "gamma_r": "390 64 68 118 0 26 0 64 48 2"
    }
  ],
  "gammacontrol": [
    {
      "name": "Google Stock",
      "kcal": "255 255 255",
      "red_greys": "64",
      "red_mids": "68",
      "red_blacks": "118",
      "red_whites": "32",
      "green_greys": "64",
      "green_mids": "68",
      "green_blacks": "118",
      "green_whites": "32",
      "blue_greys": "32",
      "blue_mids": "35",
      "blue_blacks": "116",
      "blue_whites": "51",
      "contrast": "0",
      "brightness": "0",
      "saturation": "48"
    },
    {
      "name": "LG Stock",
      "kcal": "255 250 245",
      "red_greys": "114",
      "red_mids": "21",
      "red_blacks": "118",
      "red_whites": "48",
      "green_greys": "114",
      "green_mids": "21",
      "green_blacks": "118",
      "green_whites": "48",
      "blue_greys": "114",
      "blue_mids": "21",
      "blue_blacks": "118",
      "blue_whites": "48",
      "contrast": "0",
      "brightness": "0",
      "saturation": "80"
    },
    {
      "name": "Bundi22 GalaxyS3",
      "kcal": "255 255 255",
      "red_greys": "0",
      "red_mids": "87",
      "red_blacks": "119",
      "red_whites": "0",
      "green_greys": "0",
      "green_mids": "87",
      "green_blacks": "119",
      "green_whites": "0",
      "blue_greys": "0",
      "blue_mids": "87",
      "blue_blacks": "119",
      "blue_whites": "0",
      "contrast": "6",
      "brightness": "0",
      "saturation": "1"
    },
    {
      "name": "Bundi22 iPhone5",
      "kcal": "255 255 255",
      "red_greys": "0",
      "red_mids": "39",
      "red_blacks": "119",
      "red_whites": "0",
      "green_greys": "0",
      "green_mids": "39",
      "green_blacks": "119",
      "green_whites": "0",
      "blue_greys": "0",
      "blue_mids": "39",
      "blue_blacks": "119",
      "blue_whites": "0",
      "contrast": "6",
      "brightness": "0",
      "saturation": "2"
    },
    {
      "name": "Hospital349",
      "kcal": "250 250 255",
      "red_greys": "0",
      "red_mids": "119",
      "red_blacks": "119",
      "red_whites": "7",
      "green_greys": "0",
      "green_mids": "119",
      "green_blacks": "119",
      "green_whites": "7",
      "blue_greys": "0",
      "blue_mids": "119",
      "blue_blacks": "119",
      "blue_whites": "7",
      "contrast": "22",
      "brightness": "2",
      "saturation": "119"
    },
    {
      "name": "Hospital349 Summertime",
      "kcal": "250 250 255",
      "red_greys": "0",
      "red_mids": "119",
      "red_blacks": "119",
      "red_whites": "2",
      "green_greys": "0",
      "green_mids": "119",
      "green_blacks": "119",
      "green_whites": "2",
      "blue_greys": "0",
      "blue_mids": "119",
      "blue_blacks": "119",
      "blue_whites": "2",
      "contrast": "7",
      "brightness": "7",
      "saturation": "7"
    },
    {
      "name": "KelGhu Gamma22",
      "kcal": "255 255 255",
      "red_greys": "0",
      "red_mids": "0",
      "red_blacks": "71",
      "red_whites": "0",
      "green_greys": "0",
      "green_mids": "0",
      "green_blacks": "71",
      "green_whites": "0",
      "blue_greys": "0",
      "blue_mids": "0",
      "blue_blacks": "71",
      "blue_whites": "0",
      "contrast": "3",
      "brightness": "0",
      "saturation": "71"
    },
    {
      "name": "MohitGalaxy3 Neutral",
      "kcal": "220 225 220",
      "red_greys": "4",
      "red_mids": "87",
      "red_blacks": "119",
      "red_whites": "5",
      "green_greys": "4",
      "green_mids": "87",
      "green_blacks": "119",
      "green_whites": "5",
      "blue_greys": "4",
      "blue_mids": "87",
      "blue_blacks": "119",
      "blue_whites": "5",
      "contrast": "0",
      "brightness": "8",
      "saturation": "87"
    },
    {
      "name": "MohitGalaxy3 S4",
      "kcal": "255 255 250",
      "red_greys": "0",
      "red_mids": "119",
      "red_blacks": "119",
      "red_whites": "23",
      "green_greys": "0",
      "green_mids": "119",
      "green_blacks": "119",
      "green_whites": "23",
      "blue_greys": "0",
      "blue_mids": "119",
      "blue_blacks": "119",
      "blue_whites": "23",
      "contrast": "15",
      "brightness": "0",
      "saturation": "71"
    },
    {
      "name": "Obsanity Amoled",
      "kcal": "255 255 255",
      "red_greys": "0",
      "red_mids": "119",
      "red_blacks": "119",
      "red_whites": "7",
      "green_greys": "0",
      "green_mids": "119",
      "green_blacks": "119",
      "green_whites": "7",
      "blue_greys": "0",
      "blue_mids": "119",
      "blue_blacks": "119",
      "blue_whites": "7",
      "contrast": "0",
      "brightness": "0",
      "saturation": "119"
    },
    {
      "name": "PA Brighter",
      "kcal": "245 244 240",
      "red_greys": "49",
      "red_mids": "21",
      "red_blacks": "118",
      "red_whites": "48",
      "green_greys": "49",
      "green_mids": "21",
      "green_blacks": "118",
      "green_whites": "48",
      "blue_greys": "49",
      "blue_mids": "21",
      "blue_blacks": "118",
      "blue_whites": "48",
      "contrast": "31",
      "brightness": "9",
      "saturation": "64"
    },
    {
      "name": "PA Contrast",
      "kcal": "245 244 240",
      "red_greys": "64",
      "red_mids": "68",
      "red_blacks": "118",
      "red_whites": "48",
      "green_greys": "64",
      "green_mids": "68",
      "green_blacks": "118",
      "green_whites": "48",
      "blue_greys": "64",
      "blue_mids": "68",
      "blue_blacks": "118",
      "blue_whites": "48",
      "contrast": "26",
      "brightness": "0",
      "saturation": "64"
    }
  ],
  "dsi_panel": [
    {
      "name": "Google Stock",
      "blue_negative": "86 87 89 91 94 96 101 109 111 121 126 131 120 116 110 99 84 71 61 52 40 33 20",
      "blue_positive": "86 87 89 91 94 96 101 109 111 121 126 131 120 116 110 99 84 71 61 52 40 33 20",
      "green_negative": "71 73 75 78 81 84 90 100 105 117 124 130 121 117 111 100 85 73 64 58 50 37 21",
      "green_positive": "71 73 75 78 81 84 90 100 105 117 124 130 121 117 111 100 85 73 64 58 50 37 21",
      "red_negative": "0 10 17 27 37 45 56 72 83 101 112 121 128 123 117 106 91 78 68 62 53 38 22",
      "red_positive": "0 10 17 27 37 45 56 72 83 101 112 121 128 123 117 106 91 78 68 62 53 38 22",
      "white_point": "32"
    },
    {
      "name": "0rigin",
      "blue_negative": "90 91 93 95 98 100 105 113 115 124 130 133 119 114 108 93 76 66 57 48 36 29 16",
      "blue_positive": "90 91 93 95 98 100 105 113 115 124 130 133 119 114 108 93 76 66 57 48 36 29 16",
      "green_negative": "84 85 86 88 91 94 101 110 114 124 131 134 117 113 108 95 79 70 63 57 49 36 20",
      "green_positive": "84 85 86 88 91 94 101 110 114 124 131 134 117 113 108 95 79 70 63 57 49 36 20",
      "red_negative": "0 10 17 27 37 45 57 74 85 103 116 123 127 121 115 101 86 76 67 61 52 37 21",
      "red_positive": "0 10 17 27 37 45 57 74 85 103 116 123 127 121 115 101 86 76 67 61 52 37 21",
      "white_point": "31"
    },
    {
      "name": "Aditya AMOLEDDARKS",
      "blue_negative": "2 11 22 33 44 55 67 78 89 101 111 122 122 111 100 89 78 67 55 44 33 22 11",
      "blue_positive": "4 11 22 33 44 55 67 78 89 100 111 122 122 111 100 89 78 67 55 44 33 22 11",
      "green_negative": "4 11 22 33 44 55 67 78 89 100 111 122 122 111 100 89 78 67 55 44 33 22 11",
      "green_positive": "2 11 22 33 44 55 67 78 89 101 111 122 122 111 100 89 78 67 55 44 33 22 11",
      "red_negative": "0 11 22 33 44 55 67 78 89 101 111 122 122 111 100 89 78 67 55 44 33 22 11",
      "red_positive": "0 11 22 33 44 55 67 78 89 102 111 122 122 111 100 89 78 67 55 44 33 22 11",
      "white_point": "28"
    },
    {
      "name": "Aditya TRUERGB",
      "blue_negative": "2 10 17 27 37 45 56 72 83 98 112 121 128 123 117 106 91 78 68 62 53 38 22",
      "blue_positive": "4 10 17 27 37 45 56 72 83 100 112 121 128 123 117 106 91 78 68 62 53 38 22",
      "green_negative": "4 10 17 27 37 45 56 72 83 101 112 121 128 123 117 106 91 78 68 62 53 38 22",
      "green_positive": "2 10 17 27 37 45 56 72 83 103 112 121 128 123 117 106 91 78 68 62 53 38 22",
      "red_negative": "0 10 17 27 37 45 56 72 83 101 112 121 128 123 117 106 91 78 68 62 53 38 22",
      "red_positive": "0 10 17 27 37 45 56 72 83 103 112 121 128 123 117 106 91 78 68 62 53 38 22",
      "white_point": "28"
    },
    {
      "name": "Faux123",
      "blue_negative": "78 87 89 91 94 96 101 109 111 123 126 131 120 116 110 99 84 71 61 52 40 33 20",
      "blue_positive": "78 87 89 91 94 96 101 109 111 123 126 131 120 116 110 99 84 71 61 52 40 33 20",
      "green_negative": "73 73 75 78 81 84 90 100 105 117 124 130 121 117 111 100 85 73 64 58 50 37 21",
      "green_positive": "73 73 75 78 81 84 90 100 105 117 124 130 121 117 111 100 85 73 64 58 50 37 21",
      "red_negative": "0 10 17 27 37 45 56 72 83 107 112 121 128 123 117 106 91 78 68 62 53 38 22",
      "red_positive": "0 10 17 27 37 45 56 72 83 100 112 121 128 123 117 106 91 78 68 62 53 38 22",
      "white_point": "30"
    },
    {
      "name": "iPhone",
      "blue_negative": "255 87 89 91 94 96 101 109 111 255 126 131 120 116 110 99 84 71 61 52 40 33 20",
      "blue_positive": "255 87 89 91 94 96 101 109 111 255 126 131 120 116 110 99 84 71 61 52 40 33 20",
      "green_negative": "255 73 75 78 81 84 90 100 105 0 124 130 121 117 111 100 85 73 64 58 50 37 21",
      "green_positive": "0 73 75 78 81 84 90 100 105 255 124 130 121 117 111 100 85 73 64 58 50 37 21",
      "red_negative": "0 10 17 27 37 45 56 72 83 255 112 121 128 123 117 106 91 78 68 62 53 38 22",
      "red_positive": "255 10 17 27 37 45 56 72 83 0 112 121 128 123 117 106 91 78 68 62 53 38 22",
      "white_point": "32"
    },
    {
      "name": "Nexu5mag",
      "blue_negative": "90 91 93 95 98 100 105 114 116 131 131 135 117 112 106 92 75 65 56 48 36 29 16",
      "blue_positive": "90 91 93 95 98 100 105 114 116 131 131 135 117 112 106 92 75 65 56 48 36 29 16",
      "green_negative": "84 85 86 88 91 94 101 111 115 131 132 136 115 111 106 94 78 69 63 57 49 36 20",
      "green_positive": "84 85 86 88 91 94 101 111 115 131 132 136 115 111 106 94 78 69 63 57 49 36 20",
      "red_negative": "0 10 17 27 37 45 57 75 86 114 117 125 125 119 113 100 85 75 67 61 52 37 21",
      "red_positive": "0 10 17 27 37 45 57 75 86 114 117 125 125 119 113 100 85 75 67 61 52 37 21",
      "white_point": "32"
    },
    {
      "name": "NexusManiac",
      "blue_negative": "81 87 89 91 94 96 101 109 111 118 126 131 120 116 110 99 84 71 61 52 40 33 20",
      "blue_positive": "81 87 89 91 94 96 101 109 111 118 126 131 120 116 110 99 84 71 61 52 40 33 20",
      "green_negative": "69 73 75 78 81 84 90 100 105 119 124 130 121 117 111 100 85 73 64 58 50 37 21",
      "green_positive": "69 73 75 78 81 84 90 100 105 117 124 130 121 117 111 100 85 73 64 58 50 37 21",
      "red_negative": "0 10 17 27 37 45 56 72 83 99 112 121 128 123 117 106 91 78 68 62 53 38 22",
      "red_positive": "0 10 17 27 37 45 56 72 83 102 112 121 128 123 117 106 91 78 68 62 53 38 22",
      "white_point": "29"
    },
    {
      "name": "Piereligio True RGB V7",
      "blue_negative": "0 12 19 30 39 48 56 72 82 104 118 127 119 116 115 106 84 78 66 60 44 35 20",
      "blue_positive": "0 12 19 30 39 48 56 72 82 104 118 131 120 116 114 107 100 78 66 60 44 35 20",
      "green_negative": "0 12 20 31 40 55 62 76 89 109 123 132 115 113 111 103 78 75 67 58 49 39 21",
      "green_positive": "0 12 20 31 40 55 62 79 84 109 123 134 116 112 112 104 101 76 67 58 49 39 21",
      "red_negative": "0 12 19 30 39 48 56 72 83 105 119 130 119 115 116 106 88 80 71 62 52 42 25",
      "red_positive": "0 12 19 30 39 48 56 72 83 105 121 130 118 115 114 108 100 80 66 60 48 38 22",
      "white_point": "32"
    },
    {
      "name": "The Gingerbread Man 23",
      "blue_negative": "0 12 23 34 45 57 68 79 90 111 112 124 121 111 101 91 81 71 63 55 43 32 20",
      "blue_positive": "0 12 23 34 45 57 68 79 90 111 112 124 121 111 101 91 81 71 63 55 43 32 20",
      "green_negative": "0 12 24 37 48 60 71 83 94 114 117 127 117 108 98 90 80 71 62 54 43 32 21",
      "green_positive": "0 12 24 37 48 60 71 83 94 114 117 127 117 108 98 90 80 71 62 54 43 32 21",
      "red_negative": "0 12 25 37 50 61 73 85 96 121 116 126 118 109 100 92 83 74 64 56 45 33 22",
      "red_positive": "0 12 25 37 50 61 73 85 96 121 116 126 118 109 100 92 83 74 64 56 45 33 22",
      "white_point": "32"
    },
    {
      "name": "Vomer AMOLED",
      "blue_negative": "0 12 24 36 48 60 73 84 96 108 119 130 110 96 82 67 53 40 32 26 21 15 10",
      "blue_positive": "0 12 24 36 48 60 73 84 96 108 119 130 110 96 82 67 53 40 32 26 21 15 10",
      "green_negative": "0 12 24 36 48 60 73 84 96 108 119 130 110 96 82 67 53 40 32 26 21 15 10",
      "green_positive": "0 12 24 36 48 60 73 84 96 108 119 130 110 96 82 67 53 40 32 26 21 15 10",
      "red_negative": "0 12 24 36 48 60 73 84 96 108 119 130 110 96 82 67 53 40 32 26 21 15 10",
      "red_positive": "0 12 24 36 48 60 73 84 96 108 119 130 110 96 82 67 53 40 32 26 21 15 10",
      "white_point": "32"
    },
    {
      "name": "Vomer Balanced",
      "blue_negative": "0 12 19 30 39 48 56 72 83 105 118 126 121 114 109 102 93 73 63 54 40 33 20",
      "blue_positive": "0 12 19 30 39 48 56 72 83 105 118 130 121 115 114 102 82 76 63 54 40 33 20",
      "green_negative": "0 12 19 30 39 54 61 78 84 107 123 132 117 110 108 97 90 71 61 52 45 37 21",
      "green_positive": "0 12 19 30 39 54 61 78 84 107 121 130 119 112 107 99 76 72 57 50 45 37 21",
      "red_negative": "0 12 19 30 39 48 56 72 83 105 121 126 119 112 107 99 91 71 63 53 44 36 22",
      "red_positive": "0 12 19 30 39 48 56 72 83 105 121 134 119 113 110 98 78 72 59 50 44 36 22",
      "white_point": "32"
    },
    {
      "name": "Vomer Medium",
      "blue_negative": "43 50 57 64 71 78 88 96 105 114 122 130 114 104 94 84 74 65 54 45 37 28 20",
      "blue_positive": "43 50 57 64 71 78 88 96 105 114 122 130 114 104 94 84 74 65 54 45 37 28 20",
      "green_negative": "35 42 50 57 65 72 83 92 102 112 121 130 114 104 95 85 75 66 55 46 38 29 21",
      "green_positive": "35 42 50 57 65 72 83 92 102 112 121 130 114 104 95 85 75 66 55 46 38 29 21",
      "red_negative": "0 10 21 31 42 52 65 77 89 102 113 125 119 109 99 88 78 69 58 49 39 30 22",
      "red_positive": "0 10 21 31 42 52 65 77 89 102 113 125 119 109 99 88 78 69 58 49 39 30 22",
      "white_point": "32"
    }
  ]
}
